Timestamp,age,Gender,Purchase_Frequency,Purchase_Categories,Personalized_Recommendation_Frequency,Browsing_Frequency,Product_Search_Method,Search_Result_Exploration,Customer_Reviews_Importance,Add_to_Cart_Browsing,Cart_Completion_Frequency,Cart_Abandonment_Factors,Saveforlater_Frequency,Review_Left,Review_Reliability,Review_Helpfulness,Personalized_Recommendation_Frequency.1,Recommendation_Helpfulness,Rating_Accuracy,Shopping_Satisfaction,Service_Appreciation,Improvement_Areas,age_group,purchase_freq_num,browse_freq_num,primary_category
2023-06-04 13:28:19-05:30,23,Female,Few times a month,Beauty and Personal Care,Yes,Few times a week,Keyword,Multiple pages,1,Yes,Sometimes,Found a better price elsewhere,Sometimes,Yes,Occasionally,Yes,2,Yes,1,1,Competitive prices,Reducing packaging waste,18-25,3,3,Beauty and Personal Care
2023-06-04 14:30:44-05:30,23,Female,Once a month,Clothing and Fashion,Yes,Few times a month,Keyword,Multiple pages,1,Yes,Often,High shipping costs,Rarely,No,Heavily,Yes,2,Sometimes,3,2,Wide product selection,Reducing packaging waste,18-25,2,2,Clothing and Fashion
2023-06-04 17:04:56-05:30,24,Prefer not to say,Few times a month,Groceries and Gourmet Food;Clothing and Fashion,No,Few times a month,Keyword,Multiple pages,2,Yes,Sometimes,Found a better price elsewhere,Rarely,No,Occasionally,No,4,No,3,3,Competitive prices,Product quality and accuracy,18-25,3,2,Groceries and Gourmet Food
2023-06-04 17:13:00-05:30,24,Female,Once a month,Beauty and Personal Care;Clothing and Fashion;others,Sometimes,Few times a month,Keyword,First page,5,Maybe,Sometimes,Found a better price elsewhere,Sometimes,Yes,Heavily,Yes,3,Sometimes,3,4,Competitive prices,Product quality and accuracy,18-25,2,2,Beauty and Personal Care
2023-06-04 17:28:06-05:30,22,Female,Less than once a month,Beauty and Personal Care;Clothing and Fashion,Yes,Few times a month,Filter,Multiple pages,1,Yes,Sometimes,High shipping costs,Rarely,No,Heavily,Yes,4,Yes,2,2,Competitive prices,Product quality and accuracy,18-25,1,2,Beauty and Personal Care
2023-06-04 18:01:59-05:30,21,Female,Less than once a month,Clothing and Fashion,No,Rarely,categories,Multiple pages,1,Yes,Rarely,Changed my mind or no longer need the item,Never,No,Heavily,Yes,5,No,5,2,Wide product selection,Product quality and accuracy,18-25,1,1,Clothing and Fashion
2023-06-04 18:31:41-05:30,22,Female,Less than once a month,Clothing and Fashion,No,Rarely,Filter,Multiple pages,1,Yes,Often,High shipping costs,Rarely,No,Heavily,Yes,3,Sometimes,3,3,Wide product selection,Shipping speed and reliability,18-25,1,1,Clothing and Fashion
2023-06-04 19:13:12-05:30,21,Female,Few times a month,Beauty and Personal Care;Clothing and Fashion,No,Rarely,Keyword,Multiple pages,1,Yes,Often,Found a better price elsewhere,Rarely,No,Heavily,Sometimes,3,Sometimes,1,3,Competitive prices,Shipping speed and reliability,18-25,3,1,Beauty and Personal Care
2023-06-04 19:23:21-05:30,20,Female,Less than once a month,Beauty and Personal Care;Clothing and Fashion,Sometimes,Few times a month,Keyword,First page,1,Yes,Sometimes,Changed my mind or no longer need the item,Often,No,Moderately,Yes,2,Yes,2,2,Wide product selection,Reducing packaging waste,18-25,1,2,Beauty and Personal Care
2023-06-04 19:33:12-05:30,23,Female,Less than once a month,Beauty and Personal Care;Clothing and Fashion,No,Rarely,Keyword,Multiple pages,1,Yes,Rarely,Found a better price elsewhere,Rarely,No,Heavily,Yes,3,Yes,3,4,Wide product selection,Product quality and accuracy,18-25,1,1,Beauty and Personal Care
2023-06-04 19:45:33-05:30,22,Female,Less than once a month,Clothing and Fashion,No,Few times a month,categories,Multiple pages,1,Maybe,Sometimes,Found a better price elsewhere,Sometimes,No,Heavily,Yes,3,Sometimes,3,2,Competitive prices,Shipping speed and reliability,18-25,1,2,Clothing and Fashion
2023-06-04 19:48:31-05:30,25,Female,Multiple times a week,Beauty and Personal Care;Clothing and Fashion;Home and Kitchen,No,Few times a week,Keyword,Multiple pages,1,Yes,Sometimes,High shipping costs,Sometimes,Yes,Heavily,Yes,3,Yes,3,1,Wide product selection,Product quality and accuracy,18-25,5,3,Beauty and Personal Care
2023-06-04 20:00:11-05:30,23,Female,Less than once a month,Beauty and Personal Care;Clothing and Fashion,No,Few times a month,Keyword,First page,1,Maybe,Sometimes,Changed my mind or no longer need the item,Rarely,No,Heavily,Sometimes,2,No,3,2,Competitive prices,Product quality and accuracy,18-25,1,2,Beauty and Personal Care
2023-06-04 20:01:45-05:30,24,Female,Once a month,Clothing and Fashion;Home and Kitchen,No,Few times a month,Keyword,Multiple pages,1,Yes,Often,Changed my mind or no longer need the item,Often,Yes,Moderately,Yes,2,Yes,2,2,Wide product selection,Product quality and accuracy,18-25,2,2,Clothing and Fashion
2023-06-04 20:02:28-05:30,21,Female,Less than once a month,Beauty and Personal Care,Yes,Few times a week,Keyword,Multiple pages,1,Yes,Often,Changed my mind or no longer need the item,Always,Yes,Heavily,Yes,5,Sometimes,3,1,User-friendly website/app interface,Reducing packaging waste,18-25,1,3,Beauty and Personal Care
2023-06-04 20:20:42-05:30,23,Female,Less than once a month,others,No,Rarely,Filter,First page,1,Maybe,Sometimes,High shipping costs,Sometimes,No,Heavily,Yes,3,Sometimes,3,3,User-friendly website/app interface,Shipping speed and reliability,18-25,1,1,others
2023-06-04 20:39:53-05:30,16,Male,Few times a month,Clothing and Fashion;others,Sometimes,Few times a month,Keyword,Multiple pages,1,Yes,Sometimes,Found a better price elsewhere,Never,No,Heavily,Yes,3,Sometimes,3,2,Wide product selection,Shipping speed and reliability,<18,3,2,Clothing and Fashion
2023-06-04 20:45:45-05:30,21,Female,Less than once a month,Clothing and Fashion,No,Few times a month,Keyword,Multiple pages,1,Maybe,Sometimes,others,Never,No,Heavily,Yes,2,Yes,2,1,Wide product selection,Shipping speed and reliability,18-25,1,2,Clothing and Fashion
2023-06-04 20:46:02-05:30,23,Female,Few times a month,Beauty and Personal Care;Home and Kitchen,Sometimes,Few times a month,Keyword,Multiple pages,1,Yes,Sometimes,High shipping costs,Rarely,No,Moderately,Yes,2,Sometimes,3,2,Wide product selection,Customer service responsiveness,18-25,3,2,Beauty and Personal Care
2023-06-04 20:48:59-05:30,25,Female,Less than once a month,Beauty and Personal Care,No,Few times a week,Keyword,Multiple pages,1,Yes,Sometimes,Found a better price elsewhere,Rarely,No,Heavily,Yes,4,Sometimes,3,2,Wide product selection,Product quality and accuracy,18-25,1,3,Beauty and Personal Care
2023-06-04 20:49:49-05:30,64,Male,Once a week,Groceries and Gourmet Food,No,Few times a month,Keyword,Multiple pages,3,No,Often,Changed my mind or no longer need the item,Never,No,Occasionally,Yes,2,Yes,1,2,Competitive prices,Reducing packaging waste,45+,4,2,Groceries and Gourmet Food
2023-06-04 20:52:49-05:30,23,Female,Once a month,Clothing and Fashion,No,Few times a month,others,First page,1,Yes,Sometimes,Found a better price elsewhere,Sometimes,No,Heavily,Yes,3,Sometimes,3,2,User-friendly website/app interface,Customer service responsiveness,18-25,2,2,Clothing and Fashion
2023-06-04 20:54:36-05:30,21,Male,Less than once a month,others,No,Few times a week,others,Multiple pages,1,Yes,Never,others,Never,No,Never,Sometimes,3,Sometimes,3,3,.,.,18-25,1,3,others
2023-06-04 21:10:08-05:30,16,Female,Less than once a month,Clothing and Fashion,No,Few times a month,categories,Multiple pages,2,Yes,Sometimes,Changed my mind or no longer need the item,Often,No,Moderately,Yes,3,Yes,2,2,Wide product selection,Shipping speed and reliability,<18,1,2,Clothing and Fashion
2023-06-04 21:10:51-05:30,23,Female,Few times a month,Beauty and Personal Care;Clothing and Fashion;others,No,Few times a month,Keyword,Multiple pages,1,Maybe,Rarely,others,Rarely,Yes,Heavily,Yes,3,Sometimes,1,1,Competitive prices,Customer service responsiveness,18-25,3,2,Beauty and Personal Care
2023-06-04 21:18:12-05:30,24,Female,Multiple times a week,Groceries and Gourmet Food,Yes,Few times a week,categories,Multiple pages,1,Maybe,Rarely,Changed my mind or no longer need the item,Sometimes,Yes,Moderately,No,2,No,2,3,User-friendly website/app interface,Product quality and accuracy,18-25,5,3,Groceries and Gourmet Food
2023-06-04 21:22:58-05:30,22,Female,Less than once a month,Beauty and Personal Care;Clothing and Fashion,No,Few times a week,Keyword,Multiple pages,1,Yes,Sometimes,Found a better price elsewhere,Often,No,Heavily,Yes,3,Sometimes,2,2,Wide product selection,Shipping speed and reliability,18-25,1,3,Beauty and Personal Care
2023-06-04 21:29:59-05:30,23,Female,Less than once a month,Beauty and Personal Care,No,Few times a month,categories,Multiple pages,4,Yes,Sometimes,Found a better price elsewhere,Rarely,No,Occasionally,Sometimes,3,Yes,3,5,Wide product selection,Reducing packaging waste,18-25,1,2,Beauty and Personal Care
2023-06-04 21:40:54-05:30,23,Female,Few times a month,Beauty and Personal Care;Clothing and Fashion;others,Sometimes,Few times a week,categories,Multiple pages,1,Yes,Often,others,Often,No,Heavily,Yes,3,Sometimes,2,2,User-friendly website/app interface,Shipping speed and reliability,18-25,3,3,Beauty and Personal Care
2023-06-04 21:48:15-05:30,24,Female,Less than once a month,Clothing and Fashion,Yes,Few times a month,Keyword,Multiple pages,4,Yes,Sometimes,Found a better price elsewhere,Rarely,No,Occasionally,Yes,4,Yes,5,4,Competitive prices,Reducing packaging waste,18-25,1,2,Clothing and Fashion
2023-06-04 22:13:28-05:30,25,Female,Few times a month,Groceries and Gourmet Food;Clothing and Fashion;others,No,Few times a week,Keyword,Multiple pages,5,Yes,Often,High shipping costs,Never,Yes,Heavily,Yes,2,Sometimes,3,4,Wide product selection,Product quality and accuracy,18-25,3,3,Groceries and Gourmet Food
2023-06-04 22:24:47-05:30,23,Female,Less than once a month,Groceries and Gourmet Food;Beauty and Personal Care;Clothing and Fashion;Home and Kitchen,No,Few times a week,Keyword,First page,5,Maybe,Often,Changed my mind or no longer need the item,Always,No,Heavily,Yes,4,No,3,4,Competitive prices,Customer service responsiveness,18-25,1,3,Groceries and Gourmet Food
2023-06-04 22:37:00-05:30,23,Female,Less than once a month,others,No,Rarely,others,First page,3,No,Never,others,Never,No,Occasionally,Sometimes,5,No,3,3,Wide product selection,Product quality and accuracy,18-25,1,1,others
2023-06-04 23:09:27-05:30,23,Female,Less than once a month,Groceries and Gourmet Food;Beauty and Personal Care;Clothing and Fashion;Home and Kitchen,Yes,Multiple times a day,Keyword,Multiple pages,1,Yes,Often,Found a better price elsewhere,Always,Yes,Heavily,Yes,1,Yes,2,1,Wide product selection,Reducing packaging waste,18-25,1,4,Groceries and Gourmet Food
2023-06-04 23:12:15-05:30,23,Male,Multiple times a week,Groceries and Gourmet Food;Beauty and Personal Care;Clothing and Fashion;Home and Kitchen;others,Yes,Few times a week,Keyword,Multiple pages,1,Yes,Often,Found a better price elsewhere,Rarely,Yes,Heavily,Yes,3,Yes,1,1,Competitive prices,Customer service responsiveness,18-25,5,3,Groceries and Gourmet Food
2023-06-04 23:24:41-05:30,24,Female,Less than once a month,others,Sometimes,Multiple times a day,Keyword,Multiple pages,1,Yes,Rarely,Found a better price elsewhere,Rarely,Yes,Heavily,Yes,3,Sometimes,3,1,Wide product selection,Product quality and accuracy,18-25,1,4,others
2023-06-04 23:27:53-05:30,24,Female,Few times a month,Beauty and Personal Care;Clothing and Fashion;Home and Kitchen,No,Multiple times a day,Keyword,First page,4,Yes,Always,Changed my mind or no longer need the item,Often,No,Occasionally,Sometimes,2,Yes,2,1,Wide product selection,Shipping speed and reliability,18-25,3,4,Beauty and Personal Care
2023-06-04 23:38:30-05:30,23,Female,Less than once a month,Beauty and Personal Care;Home and Kitchen,Sometimes,Rarely,categories,Multiple pages,1,Maybe,Often,Found a better price elsewhere,Rarely,No,Moderately,Yes,2,Sometimes,2,2,Wide product selection,Reducing packaging waste,18-25,1,1,Beauty and Personal Care
2023-06-04 23:57:10-05:30,29,Male,Once a month,Clothing and Fashion,Sometimes,Few times a week,categories,Multiple pages,1,Yes,Often,Changed my mind or no longer need the item,Often,No,Moderately,Yes,2,Yes,2,2,Competitive prices,Customer service responsiveness,26-35,2,3,Clothing and Fashion
2023-06-05 00:02:56-05:30,19,Female,Few times a month,Clothing and Fashion,Yes,Few times a week,Keyword,Multiple pages,5,Yes,Always,Found a better price elsewhere,Rarely,Yes,Rarely,Yes,3,Yes,3,5,Competitive prices,Shipping speed and reliability,18-25,3,3,Clothing and Fashion
2023-06-05 00:05:20-05:30,26,Female,Less than once a month,others,Yes,Few times a month,Keyword,Multiple pages,1,Yes,Sometimes,High shipping costs,Sometimes,Yes,Moderately,Yes,1,Yes,2,2,Competitive prices,Product quality and accuracy,26-35,1,2,others
2023-06-05 00:36:02-05:30,32,Male,Less than once a month,others,No,Rarely,Keyword,First page,1,No,Always,Changed my mind or no longer need the item,Never,No,Moderately,Yes,1,No,4,1,Customer service,Nothing,26-35,1,1,others
2023-06-05 00:37:54-05:30,30,Female,Once a month,Home and Kitchen,No,Few times a month,Filter,Multiple pages,2,Yes,Sometimes,Found a better price elsewhere,Often,Yes,Moderately,Yes,1,No,4,1,User-friendly website/app interface,Reducing packaging waste,26-35,2,2,Home and Kitchen
2023-06-05 00:39:14-05:30,22,Female,Less than once a month,Beauty and Personal Care;others,No,Few times a month,others,Multiple pages,1,Yes,Rarely,Found a better price elsewhere,Often,No,Moderately,Sometimes,5,Yes,3,2,User-friendly website/app interface,Product quality and accuracy,18-25,1,2,Beauty and Personal Care
2023-06-05 00:57:05-05:30,26,Female,Few times a month,Beauty and Personal Care;Clothing and Fashion,Yes,Multiple times a day,categories,Multiple pages,1,Yes,Sometimes,High shipping costs,Never,Yes,Moderately,No,2,Yes,2,2,User-friendly website/app interface,Shipping speed and reliability,26-35,3,4,Beauty and Personal Care
2023-06-05 02:56:10-05:30,24,Female,Less than once a month,Beauty and Personal Care;Clothing and Fashion,No,Few times a week,Keyword,Multiple pages,1,Yes,Always,High shipping costs,Always,Yes,Heavily,Yes,1,Yes,1,1,Wide product selection,Customer service responsiveness,18-25,1,3,Beauty and Personal Care
2023-06-05 04:26:25-05:30,23,Female,Few times a month,Beauty and Personal Care;Clothing and Fashion;Home and Kitchen,Yes,Few times a month,Keyword,Multiple pages,5,Yes,Sometimes,High shipping costs,Always,No,Heavily,Yes,4,Yes,4,4,Wide product selection,Product quality and accuracy,18-25,3,2,Beauty and Personal Care
2023-06-05 07:16:40-05:30,24,Female,Less than once a month,Clothing and Fashion,Sometimes,Few times a month,Filter,Multiple pages,3,Maybe,Rarely,Changed my mind or no longer need the item,Sometimes,No,Occasionally,Sometimes,3,Sometimes,3,3,Product recommendations,Product quality and accuracy,18-25,1,2,Clothing and Fashion
2023-06-05 08:43:26-05:30,23,Female,Few times a month,others,No,Few times a week,Keyword,Multiple pages,1,Yes,Sometimes,Found a better price elsewhere,Always,No,Heavily,Yes,4,Sometimes,3,3,Wide product selection,Product quality and accuracy,18-25,3,3,others
2023-06-05 09:20:17-05:30,24,Male,Few times a month,Clothing and Fashion,No,Few times a month,Keyword,Multiple pages,1,Yes,Always,Changed my mind or no longer need the item,Often,No,Heavily,Yes,1,Yes,1,2,User-friendly website/app interface,Product quality and accuracy,18-25,3,2,Clothing and Fashion
2023-06-05 09:56:58-05:30,23,Female,Once a month,Beauty and Personal Care;Home and Kitchen,No,Few times a month,Keyword,Multiple pages,1,Yes,Rarely,Changed my mind or no longer need the item,Never,No,Heavily,Yes,5,No,4,3,Competitive prices,Customer service responsiveness,18-25,2,2,Beauty and Personal Care
2023-06-05 10:36:38-05:30,25,Male,Less than once a month,others,Sometimes,Few times a week,Keyword,First page,4,Yes,Often,Changed my mind or no longer need the item,Often,Yes,Heavily,Yes,3,Sometimes,3,3,Wide product selection,Product quality and accuracy,18-25,1,3,others
2023-06-05 10:37:36-05:30,24,Female,Less than once a month,Beauty and Personal Care;Clothing and Fashion,No,Few times a month,Keyword,Multiple pages,1,Yes,Often,Found a better price elsewhere,Rarely,No,Heavily,Yes,1,Yes,2,2,User-friendly website/app interface,Shipping speed and reliability,18-25,1,2,Beauty and Personal Care
2023-06-05 10:53:16-05:30,21,Female,Few times a month,Home and Kitchen,No,Few times a month,Keyword,First page,1,Yes,Rarely,Changed my mind or no longer need the item,Often,Yes,Heavily,Yes,1,Sometimes,3,1,User-friendly website/app interface,Reducing packaging waste,18-25,3,2,Home and Kitchen
2023-06-05 11:20:41-05:30,23,Female,Less than once a month,Clothing and Fashion,No,Few times a month,Keyword,Multiple pages,1,Maybe,Rarely,Changed my mind or no longer need the item,Never,No,Moderately,Yes,3,Sometimes,3,3,Wide product selection,Reducing packaging waste,18-25,1,2,Clothing and Fashion
2023-06-05 11:54:52-05:30,26,Female,Less than once a month,Beauty and Personal Care;Home and Kitchen,No,Rarely,Filter,Multiple pages,1,Maybe,Sometimes,High shipping costs,Sometimes,Yes,Heavily,Yes,4,Yes,2,2,Product recommendations,Shipping speed and reliability,26-35,1,1,Beauty and Personal Care
2023-06-05 13:10:59-05:30,23,Female,Few times a month,Clothing and Fashion;others,Yes,Few times a week,Keyword,First page,1,Yes,Sometimes,Found a better price elsewhere,Sometimes,Yes,Moderately,Yes,1,Sometimes,3,2,Wide product selection,Product quality and accuracy,18-25,3,3,Clothing and Fashion
2023-06-05 13:27:08-05:30,23,Female,Few times a month,Beauty and Personal Care;Clothing and Fashion,Yes,Few times a month,Keyword,Multiple pages,4,Yes,Sometimes,High shipping costs,Sometimes,Yes,Heavily,Yes,3,No,3,3,Product recommendations,Reducing packaging waste,18-25,3,2,Beauty and Personal Care
2023-06-05 13:28:44-05:30,40,Male,Few times a month,Beauty and Personal Care;Home and Kitchen,No,Few times a week,Keyword,Multiple pages,1,Yes,Often,Changed my mind or no longer need the item,Never,Yes,Heavily,Yes,4,Sometimes,2,1,Competitive prices,Reducing packaging waste,36-45,3,3,Beauty and Personal Care
2023-06-05 13:32:57-05:30,25,Female,Once a month,Beauty and Personal Care,Sometimes,Few times a month,categories,Multiple pages,5,Maybe,Sometimes,Found a better price elsewhere,Often,No,Moderately,Sometimes,3,Sometimes,3,3,Wide product selection,Customer service responsiveness,18-25,2,2,Beauty and Personal Care
2023-06-05 13:35:41-05:30,24,Male,Once a month,others,Sometimes,Few times a week,Keyword,Multiple pages,4,Yes,Sometimes,Changed my mind or no longer need the item,Sometimes,Yes,Moderately,Sometimes,4,Sometimes,1,2,Wide product selection,Shipping speed and reliability,18-25,2,3,others
2023-06-05 13:35:44-05:30,23,Female,Less than once a month,Beauty and Personal Care;Clothing and Fashion;Home and Kitchen,No,Few times a month,Keyword,First page,4,Yes,Sometimes,Changed my mind or no longer need the item,Sometimes,Yes,Rarely,Sometimes,3,Sometimes,3,3,User-friendly website/app interface,Product quality and accuracy,18-25,1,2,Beauty and Personal Care
2023-06-05 13:37:01-05:30,24,Male,Less than once a month,others,Sometimes,Few times a month,Keyword,Multiple pages,1,Yes,Sometimes,Found a better price elsewhere,Never,Yes,Heavily,Yes,2,Yes,3,2,User-friendly website/app interface,Shipping speed and reliability,18-25,1,2,others
2023-06-05 13:43:00-05:30,24,Male,Less than once a month,others,No,Few times a week,categories,Multiple pages,1,Maybe,Never,Changed my mind or no longer need the item,Rarely,No,Heavily,Yes,3,Sometimes,3,3,Wide product selection,Product quality and accuracy,18-25,1,3,others
2023-06-05 13:45:30-05:30,24,Female,Less than once a month,Beauty and Personal Care;Clothing and Fashion,Sometimes,Few times a month,categories,First page,3,Maybe,Sometimes,Changed my mind or no longer need the item,Sometimes,No,Occasionally,Sometimes,3,Yes,3,3,Product recommendations,Customer service responsiveness,18-25,1,2,Beauty and Personal Care
2023-06-05 13:54:28-05:30,26,Male,Few times a month,others,No,Few times a week,Keyword,Multiple pages,4,Yes,Often,Changed my mind or no longer need the item,Rarely,Yes,Occasionally,Yes,3,Yes,3,4,Competitive prices,Product quality and accuracy,26-35,3,3,others
2023-06-05 14:10:33-05:30,23,Female,Few times a month,Beauty and Personal Care;Home and Kitchen;others,Sometimes,Few times a month,categories,First page,1,Yes,Sometimes,Found a better price elsewhere,Often,No,Heavily,Yes,2,Sometimes,3,3,Wide product selection,Product quality and accuracy,18-25,3,2,Beauty and Personal Care
2023-06-05 14:16:16-05:30,23,Female,Few times a month,Beauty and Personal Care;Clothing and Fashion;Home and Kitchen,No,Few times a week,categories,Multiple pages,1,Yes,Sometimes,Changed my mind or no longer need the item,Never,No,Heavily,Yes,3,Sometimes,3,1,Wide product selection,Product quality and accuracy,18-25,3,3,Beauty and Personal Care
2023-06-05 14:17:45-05:30,24,Female,Once a month,others,Sometimes,Few times a week,Keyword,Multiple pages,1,Yes,Sometimes,Found a better price elsewhere,Sometimes,Yes,Occasionally,Yes,3,Yes,3,2,User-friendly website/app interface,Product quality and accuracy,18-25,2,3,others
2023-06-05 14:21:37-05:30,23,Male,Less than once a month,others,No,Few times a month,Keyword,First page,1,Maybe,Rarely,High shipping costs,Never,No,Moderately,Sometimes,3,Sometimes,3,3,Wide product selection,better app interface and lower shipping charges,18-25,1,2,others
2023-06-05 14:24:22-05:30,24,Female,Less than once a month,Beauty and Personal Care;Clothing and Fashion,Yes,Few times a month,Keyword,Multiple pages,1,Yes,Often,Changed my mind or no longer need the item,Often,Yes,Moderately,Yes,1,Yes,2,2,Competitive prices,Product quality and accuracy,18-25,1,2,Beauty and Personal Care
2023-06-05 14:25:28-05:30,36,Female,Once a month,Home and Kitchen;others,Sometimes,Multiple times a day,Keyword,Multiple pages,5,Yes,Often,Changed my mind or no longer need the item,Never,Yes,Heavily,No,2,Sometimes,3,1,User-friendly website/app interface,Shipping speed and reliability,36-45,2,4,Home and Kitchen
2023-06-05 14:28:10-05:30,26,Male,Less than once a month,Home and Kitchen,No,Rarely,Filter,Multiple pages,1,Yes,Sometimes,Found a better price elsewhere,Sometimes,Yes,Moderately,Yes,1,Yes,2,1,Wide product selection,Product quality and accuracy,26-35,1,1,Home and Kitchen
2023-06-05 14:46:25-05:30,31,Male,Once a month,Home and Kitchen;others,No,Few times a month,Keyword,First page,1,Yes,Sometimes,Changed my mind or no longer need the item,Often,No,Heavily,Yes,4,Sometimes,3,1,Customer service,Reducing packaging waste,26-35,2,2,Home and Kitchen
2023-06-05 15:28:01-05:30,23,Male,Less than once a month,others,No,Rarely,categories,Multiple pages,1,Maybe,Often,Found a better price elsewhere,Never,No,Heavily,Yes,2,No,3,2,User-friendly website/app interface,Reducing packaging waste,18-25,1,1,others
2023-06-05 16:46:52-05:30,23,Female,Less than once a month,Home and Kitchen,Yes,Few times a month,Keyword,Multiple pages,1,Yes,Sometimes,Changed my mind or no longer need the item,Rarely,No,Heavily,Yes,3,Yes,2,2,Wide product selection,Product quality and accuracy,18-25,1,2,Home and Kitchen
2023-06-05 16:49:43-05:30,30,Male,Once a week,Groceries and Gourmet Food;Home and Kitchen,Yes,Few times a week,Filter,Multiple pages,4,Yes,Often,Found a better price elsewhere,Always,Yes,Moderately,Yes,4,Yes,4,4,Product recommendations,Customer service responsiveness,26-35,4,3,Groceries and Gourmet Food
2023-06-05 16:50:33-05:30,24,Female,Less than once a month,others,No,Rarely,categories,Multiple pages,2,Yes,Sometimes,Found a better price elsewhere,Often,No,Moderately,Yes,2,Sometimes,2,2,Wide product selection,Product quality and accuracy,18-25,1,1,others
2023-06-05 16:50:44-05:30,47,Prefer not to say,Less than once a month,others,Sometimes,Rarely,others,First page,2,Maybe,Never,Changed my mind or no longer need the item,Never,No,Never,Sometimes,2,No,2,2,User-friendly website/app interface,Shipping speed and reliability,45+,1,1,others
2023-06-05 16:52:12-05:30,54,Others,Multiple times a week,Groceries and Gourmet Food;Beauty and Personal Care;Clothing and Fashion;Home and Kitchen;others,Yes,Multiple times a day,categories,Multiple pages,4,Yes,Always,others,Always,Yes,Heavily,Yes,5,Yes,5,5,Competitive prices,Shipping speed and reliability,45+,5,4,Groceries and Gourmet Food
2023-06-05 18:49:25-05:30,58,Male,Once a month,Clothing and Fashion;others,No,Few times a week,Keyword,Multiple pages,5,Yes,Sometimes,Changed my mind or no longer need the item,Never,No,Never,No,4,No,3,3,Competitive prices,Reducing packaging waste,45+,2,3,Clothing and Fashion
2023-06-05 19:04:21-05:30,53,Female,Less than once a month,Home and Kitchen,No,Few times a week,Keyword,Multiple pages,3,No,Rarely,Changed my mind or no longer need the item,Never,No,Moderately,Yes,2,Yes,2,1,Competitive prices,Reducing packaging waste,45+,1,3,Home and Kitchen
2023-06-05 20:06:04-05:30,23,Prefer not to say,Once a week,Beauty and Personal Care,No,Multiple times a day,categories,Multiple pages,5,Maybe,Sometimes,Found a better price elsewhere,Sometimes,Yes,Occasionally,Sometimes,3,Sometimes,3,3,Product recommendations,Reducing packaging waste,18-25,4,4,Beauty and Personal Care
2023-06-05 20:07:52-05:30,25,Others,Few times a month,Groceries and Gourmet Food;Clothing and Fashion,Yes,Few times a week,Filter,Multiple pages,5,Maybe,Never,Changed my mind or no longer need the item,Sometimes,Yes,Occasionally,Sometimes,4,Sometimes,3,3,Product recommendations,Customer service responsiveness,18-25,3,3,Groceries and Gourmet Food
2023-06-05 20:44:09-05:30,23,Female,Less than once a month,Beauty and Personal Care,No,Rarely,categories,Multiple pages,1,Maybe,Rarely,Found a better price elsewhere,Rarely,No,Occasionally,Yes,2,Sometimes,3,2,User-friendly website/app interface,Shipping speed and reliability,18-25,1,1,Beauty and Personal Care
2023-06-05 20:46:09-05:30,32,Male,Less than once a month,Clothing and Fashion;Home and Kitchen,Sometimes,Few times a week,categories,First page,4,Maybe,Rarely,Changed my mind or no longer need the item,Rarely,No,Moderately,Sometimes,4,Sometimes,4,4,User-friendly website/app interface,Customer service responsiveness,26-35,1,3,Clothing and Fashion
2023-06-05 20:47:42-05:30,30,Prefer not to say,Few times a month,Beauty and Personal Care;Clothing and Fashion,Yes,Few times a week,Filter,Multiple pages,5,Yes,Often,others,Always,Yes,Heavily,Yes,5,Sometimes,5,3,Competitive prices,Product quality and accuracy,26-35,3,3,Beauty and Personal Care
2023-06-05 20:49:12-05:30,28,Others,Few times a month,Groceries and Gourmet Food;Beauty and Personal Care;Clothing and Fashion;Home and Kitchen;others,No,Few times a month,Keyword,Multiple pages,3,No,Never,High shipping costs,Never,Yes,Occasionally,No,4,No,4,3,Competitive prices,Shipping speed and reliability,26-35,3,2,Groceries and Gourmet Food
2023-06-05 20:50:24-05:30,20,Female,Multiple times a week,Beauty and Personal Care;Clothing and Fashion,No,Multiple times a day,categories,First page,1,No,Often,Found a better price elsewhere,Often,No,Occasionally,Sometimes,3,No,3,3,Competitive prices,Reducing packaging waste,18-25,5,4,Beauty and Personal Care
2023-06-05 20:52:01-05:30,25,Male,Few times a month,others,No,Rarely,others,Multiple pages,1,Maybe,Sometimes,Changed my mind or no longer need the item,Never,No,Moderately,Sometimes,2,Sometimes,2,3,Wide product selection,Product quality and accuracy,18-25,3,1,others
2023-06-05 21:56:02-05:30,55,Others,Few times a month,Groceries and Gourmet Food,Yes,Multiple times a day,Keyword,Multiple pages,3,Yes,Sometimes,High shipping costs,Often,Yes,Rarely,Yes,4,Yes,3,3,Product recommendations,Customer service responsiveness,45+,3,4,Groceries and Gourmet Food
2023-06-05 21:56:08-05:30,24,Female,Once a month,Beauty and Personal Care;Home and Kitchen;others,No,Few times a week,Keyword,Multiple pages,2,Yes,Rarely,High shipping costs,Always,Yes,Moderately,Yes,4,Sometimes,3,4,Wide product selection,Product quality and accuracy,18-25,2,3,Beauty and Personal Care
2023-06-05 21:58:17-05:30,62,Female,Less than once a month,Beauty and Personal Care,Sometimes,Rarely,Filter,Multiple pages,3,Maybe,Sometimes,Found a better price elsewhere,Often,No,Never,Sometimes,5,Yes,4,3,User-friendly website/app interface,Shipping speed and reliability,45+,1,1,Beauty and Personal Care
2023-06-05 22:04:32-05:30,27,Male,Less than once a month,others,No,Rarely,others,First page,4,No,Never,others,Never,No,Never,No,5,No,5,5,Competitive prices,Customer service responsiveness,26-35,1,1,others
2023-06-05 22:05:25-05:30,34,Prefer not to say,Few times a month,Beauty and Personal Care;Clothing and Fashion,Sometimes,Few times a month,categories,First page,3,Maybe,Sometimes,Found a better price elsewhere,Rarely,No,Occasionally,No,4,Yes,2,2,Wide product selection,Product quality and accuracy,26-35,3,2,Beauty and Personal Care
2023-06-05 22:06:15-05:30,40,Female,Once a week,Beauty and Personal Care;Clothing and Fashion;Home and Kitchen,Sometimes,Few times a week,categories,Multiple pages,2,Maybe,Often,Found a better price elsewhere,Often,Yes,Occasionally,Sometimes,2,No,2,2,Competitive prices,Shipping speed and reliability,36-45,4,3,Beauty and Personal Care
2023-06-05 22:06:46-05:30,22,Others,Less than once a month,others,Yes,Few times a month,categories,Multiple pages,4,Maybe,Often,Found a better price elsewhere,Rarely,Yes,Rarely,No,3,No,3,4,User-friendly website/app interface,Reducing packaging waste,18-25,1,2,others
2023-06-05 22:07:31-05:30,34,Prefer not to say,Few times a month,Clothing and Fashion;Home and Kitchen,No,Few times a month,categories,First page,3,Yes,Often,Found a better price elsewhere,Often,Yes,Heavily,Yes,1,Sometimes,2,2,User-friendly website/app interface,Product quality and accuracy,26-35,3,2,Clothing and Fashion
2023-06-05 22:07:33-05:30,24,Female,Less than once a month,Beauty and Personal Care;Home and Kitchen,No,Few times a week,Keyword,Multiple pages,1,Yes,Sometimes,Found a better price elsewhere,Never,No,Heavily,Yes,1,Sometimes,3,1,User-friendly website/app interface,Product quality and accuracy,18-25,1,3,Beauty and Personal Care
2023-06-05 22:08:15-05:30,44,Male,Few times a month,Clothing and Fashion;others,No,Few times a month,categories,First page,5,No,Rarely,Changed my mind or no longer need the item,Sometimes,No,Never,Sometimes,2,Yes,3,2,Product recommendations,Customer service responsiveness,36-45,3,2,Clothing and Fashion
2023-06-05 22:09:03-05:30,31,Female,Once a month,Home and Kitchen;others,Sometimes,Rarely,others,Multiple pages,4,No,Never,Changed my mind or no longer need the item,Often,Yes,Never,Sometimes,5,No,4,2,User-friendly website/app interface,Reducing packaging waste,26-35,2,1,Home and Kitchen
2023-06-06 08:46:03-05:30,23,Female,Once a week,Clothing and Fashion,Sometimes,Few times a week,categories,Multiple pages,5,No,Rarely,others,Sometimes,No,Occasionally,Sometimes,3,Yes,3,3,Product recommendations,Product quality and accuracy,18-25,4,3,Clothing and Fashion
2023-06-06 09:37:33-05:30,23,Female,Less than once a month,Beauty and Personal Care;others,Sometimes,Few times a month,Keyword,Multiple pages,1,Yes,Sometimes,Changed my mind or no longer need the item,Rarely,No,Heavily,Yes,2,Yes,2,1,Wide product selection,Reducing packaging waste,18-25,1,2,Beauty and Personal Care
2023-06-06 09:39:32-05:30,22,Female,Less than once a month,Clothing and Fashion;Home and Kitchen,No,Few times a week,Keyword,Multiple pages,5,Yes,Sometimes,Found a better price elsewhere,Never,No,Heavily,Yes,5,Sometimes,2,3,Competitive prices,Customer service responsiveness,18-25,1,3,Clothing and Fashion
2023-06-06 09:45:55-05:30,24,Female,Once a week,Beauty and Personal Care;Clothing and Fashion;Home and Kitchen,Sometimes,Few times a week,Keyword,Multiple pages,1,Yes,Often,Found a better price elsewhere,Always,Yes,Heavily,Yes,1,Yes,1,1,Wide product selection,Customer service responsiveness,18-25,4,3,Beauty and Personal Care
2023-06-06 09:47:31-05:30,23,Prefer not to say,Once a week,Beauty and Personal Care;Clothing and Fashion;Home and Kitchen,Yes,Multiple times a day,Keyword,Multiple pages,1,Yes,Often,Found a better price elsewhere,Always,Yes,Heavily,Yes,1,Yes,1,1,Wide product selection,Customer service responsiveness,18-25,4,4,Beauty and Personal Care
2023-06-06 09:59:35-05:30,25,Male,Less than once a month,others,Yes,Few times a month,Keyword,Multiple pages,5,Yes,Rarely,others,Never,No,Moderately,Yes,3,Sometimes,3,3,Wide product selection,Customer service responsiveness,18-25,1,2,others
2023-06-06 10:03:52-05:30,23,Male,Once a week,Clothing and Fashion,Sometimes,Few times a week,Filter,Multiple pages,1,No,Sometimes,Changed my mind or no longer need the item,Sometimes,Yes,Moderately,No,1,No,2,2,Competitive prices,Customer service responsiveness,18-25,4,3,Clothing and Fashion
2023-06-06 10:07:39-05:30,24,Male,Once a month,Groceries and Gourmet Food;Beauty and Personal Care;Clothing and Fashion;Home and Kitchen,Sometimes,Few times a week,Keyword,Multiple pages,1,Yes,Often,others,Sometimes,Yes,Moderately,Yes,2,Yes,2,2,Competitive prices,Product quality and accuracy,18-25,2,3,Groceries and Gourmet Food
2023-06-06 10:17:06-05:30,24,Female,Few times a month,others,Yes,Few times a week,Keyword,Multiple pages,1,Yes,Often,Changed my mind or no longer need the item,Sometimes,No,Moderately,Yes,2,Yes,3,2,Wide product selection,Customer service responsiveness,18-25,3,3,others
2023-06-06 10:19:05-05:30,26,Female,Less than once a month,others,No,Few times a month,Keyword,Multiple pages,1,Yes,Sometimes,High shipping costs,Often,Yes,Moderately,Yes,1,Yes,2,1,Product recommendations,Shipping speed and reliability,26-35,1,2,others
2023-06-06 10:22:47-05:30,25,Female,Less than once a month,Clothing and Fashion,Sometimes,Rarely,categories,First page,5,Yes,Sometimes,Changed my mind or no longer need the item,Sometimes,Yes,Moderately,Yes,4,Sometimes,4,3,Wide product selection,Shipping speed and reliability,18-25,1,1,Clothing and Fashion
2023-06-06 10:36:14-05:30,26,Male,Few times a month,Clothing and Fashion;others,No,Few times a week,Keyword,Multiple pages,4,Yes,Sometimes,Found a better price elsewhere,Never,No,Occasionally,Sometimes,3,No,3,3,Product recommendations,Reducing packaging waste,26-35,3,3,Clothing and Fashion
2023-06-06 10:46:31-05:30,29,Male,Less than once a month,others,No,Rarely,Keyword,First page,4,No,Sometimes,Found a better price elsewhere,Rarely,No,Moderately,Yes,3,Sometimes,4,4,Wide product selection,Product quality and accuracy,26-35,1,1,others
2023-06-06 11:20:53-05:30,23,Female,Once a month,Beauty and Personal Care;Clothing and Fashion;Home and Kitchen,Yes,Few times a month,Keyword,Multiple pages,2,Yes,Often,High shipping costs,Often,Yes,Moderately,Yes,2,Yes,3,4,Competitive prices,Reducing packaging waste,18-25,2,2,Beauty and Personal Care
2023-06-06 11:49:21-05:30,30,Male,Multiple times a week,Clothing and Fashion;Home and Kitchen,Yes,Few times a week,Keyword,Multiple pages,3,Yes,Sometimes,Found a better price elsewhere,Sometimes,Yes,Moderately,Yes,1,Yes,1,2,Competitive prices,Customer service responsiveness,26-35,5,3,Clothing and Fashion
2023-06-06 12:00:16-05:30,23,Female,Less than once a month,Beauty and Personal Care;Home and Kitchen,No,Multiple times a day,categories,Multiple pages,1,Yes,Sometimes,Found a better price elsewhere,Often,No,Heavily,Yes,3,Sometimes,3,3,Wide product selection,Customer service responsiveness,18-25,1,4,Beauty and Personal Care
2023-06-06 12:52:14-05:30,21,Female,Less than once a month,Clothing and Fashion,No,Rarely,Keyword,Multiple pages,1,Yes,Never,High shipping costs,Never,No,Heavily,Yes,4,Sometimes,3,3,Wide product selection,Reducing packaging waste,18-25,1,1,Clothing and Fashion
2023-06-06 13:06:16-05:30,23,Female,Once a month,Beauty and Personal Care;Home and Kitchen,No,Few times a week,categories,Multiple pages,1,Yes,Sometimes,Changed my mind or no longer need the item,Often,Yes,Moderately,No,3,Yes,2,2,Product recommendations,Product quality and accuracy,18-25,2,3,Beauty and Personal Care
2023-06-06 15:02:38-05:30,23,Female,Less than once a month,Clothing and Fashion;others,No,Few times a month,Keyword,Multiple pages,2,Yes,Often,Changed my mind or no longer need the item,Rarely,No,Moderately,Yes,2,Sometimes,2,1,Wide product selection,Shipping speed and reliability,18-25,1,2,Clothing and Fashion
2023-06-06 16:25:49-05:30,27,Male,Once a month,others,Sometimes,Few times a month,Keyword,Multiple pages,3,Yes,Sometimes,Changed my mind or no longer need the item,Often,Yes,Moderately,Yes,3,Sometimes,3,1,Wide product selection,Product quality and accuracy,26-35,2,2,others
2023-06-06 16:46:25-05:30,38,Female,Once a month,Beauty and Personal Care;Home and Kitchen,No,Few times a month,Keyword,Multiple pages,2,Yes,Often,Changed my mind or no longer need the item,Never,Yes,Moderately,Sometimes,4,Sometimes,4,2,Wide product selection,Product quality and accuracy,36-45,2,2,Beauty and Personal Care
2023-06-06 17:16:58-05:30,23,Female,Less than once a month,Beauty and Personal Care;Clothing and Fashion,No,Rarely,Keyword,First page,1,Yes,Sometimes,Found a better price elsewhere,Never,No,Heavily,Yes,3,No,2,2,User-friendly website/app interface,Product quality and accuracy,18-25,1,1,Beauty and Personal Care
2023-06-06 18:32:00-05:30,38,Female,Less than once a month,Beauty and Personal Care;Clothing and Fashion;Home and Kitchen,No,Few times a month,categories,First page,3,No,Sometimes,Found a better price elsewhere,Rarely,No,Moderately,No,4,No,4,2,Product recommendations,Shipping speed and reliability,36-45,1,2,Beauty and Personal Care
2023-06-06 18:32:36-05:30,23,Male,Few times a month,others,No,Few times a week,categories,Multiple pages,3,No,Rarely,Found a better price elsewhere,Sometimes,Yes,Heavily,Sometimes,2,Yes,3,3,Competitive prices,Reducing packaging waste,18-25,3,3,others
2023-06-06 18:33:23-05:30,24,Male,Once a week,Clothing and Fashion;others,No,Few times a week,categories,First page,2,No,Often,Found a better price elsewhere,Often,Yes,Occasionally,No,3,No,3,2,Product recommendations,Customer service responsiveness,18-25,4,3,Clothing and Fashion
2023-06-06 18:34:44-05:30,25,Female,Once a week,Groceries and Gourmet Food;Beauty and Personal Care;Clothing and Fashion;Home and Kitchen,Yes,Few times a week,Filter,First page,2,No,Often,Found a better price elsewhere,Sometimes,Yes,Heavily,No,2,Yes,3,2,Product recommendations,Customer service responsiveness,18-25,4,3,Groceries and Gourmet Food
2023-06-06 18:35:14-05:30,26,Male,Less than once a month,Groceries and Gourmet Food;Beauty and Personal Care;Clothing and Fashion;Home and Kitchen;others,Yes,Few times a week,Keyword,Multiple pages,1,Yes,Often,Found a better price elsewhere,Sometimes,No,Heavily,Yes,1,Yes,2,1,Wide product selection,Customer service responsiveness,26-35,1,3,Groceries and Gourmet Food
2023-06-06 18:35:33-05:30,27,Male,Once a week,Beauty and Personal Care;Clothing and Fashion;Home and Kitchen;others,No,Few times a month,Filter,First page,3,No,Sometimes,Found a better price elsewhere,Sometimes,Yes,Occasionally,No,3,No,3,2,Competitive prices,Product quality and accuracy,26-35,4,2,Beauty and Personal Care
2023-06-06 18:36:16-05:30,29,Prefer not to say,Once a week,Beauty and Personal Care,Yes,Few times a week,categories,Multiple pages,1,No,Sometimes,Found a better price elsewhere,Sometimes,Yes,Occasionally,No,3,No,2,1,Competitive prices,Customer service responsiveness,26-35,4,3,Beauty and Personal Care
2023-06-06 18:37:19-05:30,35,Prefer not to say,Few times a month,Beauty and Personal Care;Clothing and Fashion;Home and Kitchen,No,Few times a month,Filter,Multiple pages,3,No,Sometimes,Found a better price elsewhere,Sometimes,No,Never,No,4,No,3,2,Competitive prices,Reducing packaging waste,26-35,3,2,Beauty and Personal Care
2023-06-06 18:37:26-05:30,21,Female,Once a month,Beauty and Personal Care;Clothing and Fashion,Yes,Few times a week,Keyword,Multiple pages,1,Yes,Sometimes,Changed my mind or no longer need the item,Sometimes,No,Heavily,Yes,1,Sometimes,3,1,Competitive prices,Product quality and accuracy,18-25,2,3,Beauty and Personal Care
2023-06-06 18:38:03-05:30,36,Male,Few times a month,Beauty and Personal Care;Home and Kitchen,No,Few times a month,categories,First page,4,Maybe,Sometimes,Changed my mind or no longer need the item,Often,Yes,Occasionally,No,2,Yes,2,3,Product recommendations,Customer service responsiveness,36-45,3,2,Beauty and Personal Care
2023-06-06 18:38:45-05:30,44,Female,Few times a month,Beauty and Personal Care,No,Multiple times a day,Filter,First page,2,No,Often,High shipping costs,Sometimes,No,Occasionally,No,2,No,2,2,Competitive prices,Customer service responsiveness,36-45,3,4,Beauty and Personal Care
2023-06-06 18:38:49-05:30,32,Female,Once a week,Groceries and Gourmet Food;Beauty and Personal Care;Clothing and Fashion;Home and Kitchen;others,Yes,Multiple times a day,Keyword,Multiple pages,1,Yes,Often,Found a better price elsewhere,Always,Yes,Heavily,Yes,1,Yes,1,1,User-friendly website/app interface,Customer service responsiveness,26-35,4,4,Groceries and Gourmet Food
2023-06-06 18:39:26-05:30,30,Male,Few times a month,Groceries and Gourmet Food;Beauty and Personal Care;Home and Kitchen,No,Few times a month,Filter,Multiple pages,3,Yes,Always,High shipping costs,Often,Yes,Moderately,Yes,4,No,3,2,Competitive prices,Product quality and accuracy,26-35,3,2,Groceries and Gourmet Food
2023-06-06 18:40:27-05:30,36,Others,Less than once a month,others,Sometimes,Rarely,others,First page,5,Maybe,Never,others,Never,No,Never,Sometimes,5,Sometimes,5,5,User-friendly website/app interface,Shipping speed and reliability,36-45,1,1,others
2023-06-06 18:40:30-05:30,25,Male,Less than once a month,Groceries and Gourmet Food;Beauty and Personal Care;Clothing and Fashion;Home and Kitchen;others,No,Rarely,Keyword,Multiple pages,1,Yes,Sometimes,Changed my mind or no longer need the item,Always,No,Heavily,Yes,1,Yes,1,1,Wide product selection,Customer service responsiveness,18-25,1,1,Groceries and Gourmet Food
2023-06-06 18:41:11-05:30,20,Female,Multiple times a week,Groceries and Gourmet Food;Beauty and Personal Care;Clothing and Fashion;Home and Kitchen,Yes,Multiple times a day,Keyword,Multiple pages,1,Yes,Always,High shipping costs,Always,Yes,Heavily,Yes,4,Yes,1,1,Wide product selection,Product quality and accuracy,18-25,5,4,Groceries and Gourmet Food
2023-06-06 18:42:00-05:30,35,Female,Once a week,Beauty and Personal Care,No,Few times a month,categories,First page,3,No,Rarely,Changed my mind or no longer need the item,Sometimes,No,Occasionally,No,2,Sometimes,4,3,Product recommendations,Product quality and accuracy,26-35,4,2,Beauty and Personal Care
2023-06-06 18:42:07-05:30,42,Male,Less than once a month,Groceries and Gourmet Food;Home and Kitchen;others,Yes,Few times a month,Keyword,Multiple pages,1,Yes,Often,Found a better price elsewhere,Always,Yes,Heavily,Yes,1,Yes,1,1,Wide product selection,Product quality and accuracy,36-45,1,2,Groceries and Gourmet Food
2023-06-06 18:43:02-05:30,37,Female,Few times a month,Groceries and Gourmet Food;Beauty and Personal Care;Clothing and Fashion;Home and Kitchen,No,Few times a month,categories,Multiple pages,2,No,Often,Found a better price elsewhere,Often,No,Moderately,No,2,No,1,1,Product recommendations,Reducing packaging waste,36-45,3,2,Groceries and Gourmet Food
2023-06-06 18:43:32-05:30,28,Female,Multiple times a week,Beauty and Personal Care;Clothing and Fashion;others,Yes,Multiple times a day,Keyword,Multiple pages,1,Yes,Often,Changed my mind or no longer need the item,Always,Yes,Heavily,Yes,3,Sometimes,2,1,Wide product selection,Customer service responsiveness,26-35,5,4,Beauty and Personal Care
2023-06-06 18:44:04-05:30,27,Male,Once a week,Beauty and Personal Care;Home and Kitchen,No,Few times a week,categories,First page,2,No,Often,Changed my mind or no longer need the item,Often,No,Heavily,Sometimes,3,No,2,2,Competitive prices,Customer service responsiveness,26-35,4,3,Beauty and Personal Care
2023-06-06 18:44:50-05:30,45,Female,Once a week,Groceries and Gourmet Food;Beauty and Personal Care;Clothing and Fashion;Home and Kitchen,No,Multiple times a day,categories,Multiple pages,2,No,Often,Changed my mind or no longer need the item,Often,No,Moderately,No,2,No,2,2,Competitive prices,Product quality and accuracy,36-45,4,4,Groceries and Gourmet Food
2023-06-06 18:45:07-05:30,35,Male,Less than once a month,Groceries and Gourmet Food;Clothing and Fashion;Home and Kitchen;others,Yes,Rarely,Keyword,First page,1,Yes,Rarely,High shipping costs,Always,Yes,Heavily,Yes,1,Yes,1,1,Competitive prices,Shipping speed and reliability,26-35,1,1,Groceries and Gourmet Food
2023-06-06 18:45:33-05:30,50,Female,Multiple times a week,Beauty and Personal Care;Clothing and Fashion;Home and Kitchen,No,Few times a week,Filter,First page,3,Yes,Often,Changed my mind or no longer need the item,Rarely,Yes,Moderately,No,2,No,3,2,Competitive prices,Reducing packaging waste,45+,5,3,Beauty and Personal Care
2023-06-06 18:46:14-05:30,54,Female,Few times a month,Beauty and Personal Care;others,No,Few times a week,Keyword,First page,3,No,Rarely,Changed my mind or no longer need the item,Sometimes,No,Moderately,Yes,2,No,3,2,Competitive prices,Reducing packaging waste,45+,3,3,Beauty and Personal Care
2023-06-06 18:46:21-05:30,29,Female,Multiple times a week,Groceries and Gourmet Food;Beauty and Personal Care;Clothing and Fashion;Home and Kitchen;others,Yes,Multiple times a day,Keyword,Multiple pages,1,Yes,Sometimes,Changed my mind or no longer need the item,Always,Yes,Heavily,Yes,1,Sometimes,1,1,Competitive prices,Product quality and accuracy,26-35,5,4,Groceries and Gourmet Food
2023-06-06 18:48:26-05:30,63,Male,Less than once a month,Groceries and Gourmet Food;Home and Kitchen;others,No,Rarely,Keyword,Multiple pages,1,Yes,Sometimes,Found a better price elsewhere,Sometimes,No,Heavily,Yes,2,Sometimes,3,2,Competitive prices,Customer service responsiveness,45+,1,1,Groceries and Gourmet Food
2023-06-06 18:51:13-05:30,24,Male,Few times a month,Beauty and Personal Care;Clothing and Fashion,Sometimes,Few times a week,Keyword,Multiple pages,1,Yes,Sometimes,Found a better price elsewhere,Sometimes,No,Heavily,Sometimes,2,Sometimes,2,1,Competitive prices,Product quality and accuracy,18-25,3,3,Beauty and Personal Care
2023-06-06 18:57:14-05:30,23,Female,Less than once a month,Beauty and Personal Care,No,Rarely,Keyword,Multiple pages,1,Yes,Rarely,High shipping costs,Often,Yes,Heavily,Yes,1,Yes,1,1,Wide product selection,Shipping speed and reliability,18-25,1,1,Beauty and Personal Care
2023-06-06 19:02:21-05:30,26,Female,Few times a month,Beauty and Personal Care;Clothing and Fashion,Yes,Few times a week,categories,Multiple pages,1,Yes,Always,High shipping costs,Always,Yes,Occasionally,Yes,5,Yes,1,1,Wide product selection,Product quality and accuracy,26-35,3,3,Beauty and Personal Care
2023-06-06 19:08:47-05:30,29,Male,Multiple times a week,Beauty and Personal Care;Clothing and Fashion,No,Multiple times a day,Filter,Multiple pages,5,Yes,Sometimes,Found a better price elsewhere,Always,No,Rarely,Yes,3,Yes,1,1,Competitive prices,Shipping speed and reliability,26-35,5,4,Beauty and Personal Care
2023-06-06 19:10:14-05:30,46,Prefer not to say,Few times a month,Beauty and Personal Care;Clothing and Fashion,No,Few times a month,Keyword,Multiple pages,2,No,Sometimes,Found a better price elsewhere,Sometimes,No,Moderately,No,2,Yes,3,2,Competitive prices,Reducing packaging waste,45+,3,2,Beauty and Personal Care
2023-06-06 19:10:55-05:30,24,Male,Less than once a month,others,No,Few times a month,Keyword,Multiple pages,4,Yes,Sometimes,Found a better price elsewhere,Sometimes,No,Occasionally,Yes,3,Yes,4,5,Wide product selection,Nil,18-25,1,2,others
2023-06-06 19:11:13-05:30,33,Female,Few times a month,Groceries and Gourmet Food;Beauty and Personal Care,No,Few times a week,Filter,Multiple pages,2,No,Sometimes,Found a better price elsewhere,Often,No,Occasionally,No,2,No,2,2,Competitive prices,Reducing packaging waste,26-35,3,3,Groceries and Gourmet Food
2023-06-06 19:11:46-05:30,33,Female,Once a week,Beauty and Personal Care;others,No,Few times a week,Filter,First page,5,Maybe,Never,Changed my mind or no longer need the item,Rarely,No,Occasionally,No,2,Yes,1,1,Product recommendations,Shipping speed and reliability,26-35,4,3,Beauty and Personal Care
2023-06-06 19:12:54-05:30,31,Prefer not to say,Once a month,Clothing and Fashion,No,Few times a month,categories,First page,3,No,Sometimes,Changed my mind or no longer need the item,Sometimes,No,Heavily,No,3,No,5,4,Wide product selection,Shipping speed and reliability,26-35,2,2,Clothing and Fashion
2023-06-06 19:15:48-05:30,40,Prefer not to say,Few times a month,Clothing and Fashion;Home and Kitchen,Sometimes,Multiple times a day,Filter,First page,2,No,Always,High shipping costs,Often,No,Occasionally,No,1,Yes,1,2,Product recommendations,Reducing packaging waste,36-45,3,4,Clothing and Fashion
2023-06-06 19:16:28-05:30,37,Male,Once a week,Beauty and Personal Care;Clothing and Fashion,No,Few times a month,categories,First page,3,No,Sometimes,Found a better price elsewhere,Always,No,Occasionally,No,2,No,3,4,Product recommendations,Customer service responsiveness,36-45,4,2,Beauty and Personal Care
2023-06-06 19:17:17-05:30,25,Prefer not to say,Few times a month,Beauty and Personal Care,No,Rarely,categories,First page,3,No,Rarely,Changed my mind or no longer need the item,Often,No,Heavily,No,2,No,3,2,User-friendly website/app interface,Product quality and accuracy,18-25,3,1,Beauty and Personal Care
2023-06-06 19:18:01-05:30,60,Female,Once a week,Beauty and Personal Care;Clothing and Fashion,Yes,Multiple times a day,Keyword,First page,2,No,Sometimes,Changed my mind or no longer need the item,Sometimes,No,Occasionally,No,2,No,2,3,Product recommendations,Customer service responsiveness,45+,4,4,Beauty and Personal Care
2023-06-06 19:18:52-05:30,18,Female,Once a week,Groceries and Gourmet Food;Beauty and Personal Care,No,Few times a month,categories,First page,3,Maybe,Sometimes,Found a better price elsewhere,Often,No,Rarely,No,4,No,4,4,Competitive prices,Reducing packaging waste,<18,4,2,Groceries and Gourmet Food
2023-06-06 19:19:43-05:30,50,Male,Less than once a month,Clothing and Fashion;Home and Kitchen;others,No,Few times a week,categories,Multiple pages,3,No,Never,others,Rarely,No,Occasionally,No,4,No,4,4,Product recommendations,Shipping speed and reliability,45+,1,3,Clothing and Fashion
2023-06-06 19:20:35-05:30,24,Prefer not to say,Few times a month,Beauty and Personal Care;Clothing and Fashion;Home and Kitchen,Sometimes,Few times a month,categories,First page,1,No,Sometimes,Changed my mind or no longer need the item,Rarely,No,Occasionally,Sometimes,3,No,2,3,Wide product selection,Product quality and accuracy,18-25,3,2,Beauty and Personal Care
2023-06-06 19:21:26-05:30,19,Female,Few times a month,Beauty and Personal Care;Clothing and Fashion,No,Few times a month,categories,First page,3,No,Often,Found a better price elsewhere,Sometimes,No,Occasionally,No,2,No,3,2,Wide product selection,Customer service responsiveness,18-25,3,2,Beauty and Personal Care
2023-06-06 19:22:31-05:30,18,Female,Once a month,Beauty and Personal Care;Clothing and Fashion;others,No,Rarely,others,First page,4,Maybe,Rarely,High shipping costs,Always,Yes,Moderately,No,1,No,2,1,Wide product selection,Product quality and accuracy,<18,2,1,Beauty and Personal Care
2023-06-06 19:23:25-05:30,17,Male,Few times a month,Groceries and Gourmet Food;Beauty and Personal Care;Clothing and Fashion,No,Few times a week,categories,Multiple pages,3,Maybe,Never,Changed my mind or no longer need the item,Always,Yes,Moderately,No,2,No,2,2,Wide product selection,Customer service responsiveness,<18,3,3,Groceries and Gourmet Food
2023-06-06 19:31:34-05:30,27,Female,Once a month,Beauty and Personal Care,No,Few times a week,Keyword,Multiple pages,1,Yes,Often,Changed my mind or no longer need the item,Sometimes,Yes,Heavily,Yes,3,Sometimes,3,2,Wide product selection,Shipping speed and reliability,26-35,2,3,Beauty and Personal Care
2023-06-06 19:39:44-05:30,23,Male,Less than once a month,Beauty and Personal Care;Home and Kitchen;others,No,Rarely,Filter,Multiple pages,1,No,Often,Changed my mind or no longer need the item,Never,No,Heavily,Yes,5,No,5,2,Wide product selection,Product quality and accuracy,18-25,1,1,Beauty and Personal Care
2023-06-06 19:40:11-05:30,35,Female,Few times a month,Beauty and Personal Care,No,Few times a month,categories,First page,3,Maybe,Rarely,Found a better price elsewhere,Often,Yes,Occasionally,No,2,No,4,2,Product recommendations,Reducing packaging waste,26-35,3,2,Beauty and Personal Care
2023-06-06 19:40:53-05:30,57,Female,Few times a month,Groceries and Gourmet Food;Beauty and Personal Care;Clothing and Fashion;Home and Kitchen;others,No,Few times a week,Filter,Multiple pages,2,No,Always,Changed my mind or no longer need the item,Rarely,No,Occasionally,Yes,3,Sometimes,3,1,Product recommendations,Reducing packaging waste,45+,3,3,Groceries and Gourmet Food
2023-06-06 19:41:36-05:30,54,Male,Few times a month,Groceries and Gourmet Food;Clothing and Fashion;Home and Kitchen,No,Few times a week,Filter,First page,3,No,Rarely,Found a better price elsewhere,Sometimes,Yes,Moderately,No,3,No,2,2,Competitive prices,Product quality and accuracy,45+,3,3,Groceries and Gourmet Food
2023-06-06 19:42:13-05:30,26,Prefer not to say,Once a month,Beauty and Personal Care,No,Few times a month,categories,Multiple pages,2,No,Sometimes,High shipping costs,Often,No,Heavily,No,2,No,2,2,Wide product selection,Shipping speed and reliability,26-35,2,2,Beauty and Personal Care
2023-06-06 19:42:51-05:30,46,Male,Once a week,Beauty and Personal Care,Sometimes,Rarely,Keyword,Multiple pages,2,Yes,Often,Found a better price elsewhere,Often,Yes,Heavily,No,2,No,2,2,Competitive prices,Customer service responsiveness,45+,4,1,Beauty and Personal Care
2023-06-06 19:46:27-05:30,26,Female,Multiple times a week,Groceries and Gourmet Food;Beauty and Personal Care;Clothing and Fashion;Home and Kitchen;others,Sometimes,Few times a week,Keyword,Multiple pages,1,Maybe,Often,others,Often,Yes,Moderately,Yes,3,Sometimes,3,2,Competitive prices,Add more familiar brands to the list,26-35,5,3,Groceries and Gourmet Food
2023-06-06 19:54:19-05:30,24,Male,Once a month,others,No,Few times a month,Filter,Multiple pages,1,Yes,Often,Changed my mind or no longer need the item,Often,Yes,Heavily,Yes,1,Yes,3,2,User-friendly website/app interface,Shipping speed and reliability,18-25,2,2,others
2023-06-06 20:01:47-05:30,26,Female,Once a month,Groceries and Gourmet Food;Beauty and Personal Care;Clothing and Fashion,No,Few times a week,categories,Multiple pages,1,Yes,Often,Changed my mind or no longer need the item,Never,Yes,Heavily,Yes,2,Yes,1,1,User-friendly website/app interface,Shipping speed and reliability,26-35,2,3,Groceries and Gourmet Food
2023-06-06 20:08:19-05:30,27,Male,Once a month,Clothing and Fashion,No,Few times a month,categories,Multiple pages,5,Maybe,Often,High shipping costs,Never,Yes,Heavily,Yes,3,Yes,1,2,Wide product selection,Shipping speed and reliability,26-35,2,2,Clothing and Fashion
2023-06-06 20:55:08-05:30,22,Female,Few times a month,Beauty and Personal Care,Yes,Multiple times a day,Filter,Multiple pages,3,Maybe,Often,Found a better price elsewhere,Always,Yes,Moderately,Sometimes,1,Sometimes,3,3,Competitive prices,Customer service responsiveness,18-25,3,4,Beauty and Personal Care
2023-06-06 20:56:17-05:30,24,Male,Few times a month,Beauty and Personal Care,Yes,Few times a week,categories,Multiple pages,3,Yes,Sometimes,Found a better price elsewhere,Sometimes,No,Occasionally,Yes,3,Yes,3,3,Product recommendations,Customer service responsiveness,18-25,3,3,Beauty and Personal Care
2023-06-06 20:57:23-05:30,25,Male,Multiple times a week,Beauty and Personal Care,No,Few times a week,Filter,Multiple pages,3,Maybe,Often,Found a better price elsewhere,Often,No,Occasionally,Sometimes,2,No,3,3,Competitive prices,Reducing packaging waste,18-25,5,3,Beauty and Personal Care
2023-06-06 21:08:20-05:30,22,Prefer not to say,Once a month,Beauty and Personal Care,Yes,Few times a week,others,First page,2,Maybe,Often,Found a better price elsewhere,Sometimes,Yes,Heavily,No,3,Sometimes,3,3,Product recommendations,Customer service responsiveness,18-25,2,3,Beauty and Personal Care
2023-06-06 21:08:39-05:30,27,Male,Once a month,others,No,Few times a month,Keyword,Multiple pages,1,Yes,Often,High shipping costs,Never,Yes,Heavily,Yes,3,Yes,1,1,User-friendly website/app interface,Shipping speed and reliability,26-35,2,2,others
2023-06-06 23:06:30-05:30,23,Female,Less than once a month,Clothing and Fashion;Home and Kitchen,No,Few times a month,Keyword,First page,1,Yes,Sometimes,Found a better price elsewhere,Sometimes,No,Moderately,Yes,2,Yes,2,2,Competitive prices,Shipping speed and reliability,18-25,1,2,Clothing and Fashion
2023-06-06 23:28:31-05:30,24,Male,Less than once a month,Clothing and Fashion,No,Few times a month,categories,First page,1,Maybe,Sometimes,High shipping costs,Never,No,Heavily,Yes,3,Yes,3,3,User-friendly website/app interface,Product quality and accuracy,18-25,1,2,Clothing and Fashion
2023-06-07 00:58:28-05:30,24,Female,Less than once a month,Beauty and Personal Care,No,Rarely,categories,First page,4,Yes,Sometimes,Changed my mind or no longer need the item,Never,No,Moderately,Yes,3,No,3,3,Competitive prices,Product quality and accuracy,18-25,1,1,Beauty and Personal Care
2023-06-07 03:08:03-05:30,23,Female,Few times a month,Clothing and Fashion,No,Few times a month,Filter,Multiple pages,1,Yes,Sometimes,Found a better price elsewhere,Sometimes,No,Heavily,Sometimes,4,Yes,3,4,User-friendly website/app interface,Product quality and accuracy,18-25,3,2,Clothing and Fashion
2023-06-07 06:09:58-05:30,23,Male,Once a month,Clothing and Fashion;others,No,Few times a month,Keyword,Multiple pages,1,Yes,Sometimes,Found a better price elsewhere,Often,Yes,Heavily,Yes,3,No,3,3,Competitive prices,UI,18-25,2,2,Clothing and Fashion
2023-06-07 09:19:23-05:30,25,Female,Once a week,Groceries and Gourmet Food,Yes,Multiple times a day,Filter,Multiple pages,3,Yes,Sometimes,Changed my mind or no longer need the item,Often,No,Moderately,Yes,3,Yes,3,3,Product recommendations,Reducing packaging waste,18-25,4,4,Groceries and Gourmet Food
2023-06-07 09:20:34-05:30,21,Male,Once a week,Groceries and Gourmet Food,No,Few times a week,categories,First page,5,Maybe,Sometimes,High shipping costs,Rarely,Yes,Occasionally,No,3,No,3,3,User-friendly website/app interface,Customer service responsiveness,18-25,4,3,Groceries and Gourmet Food
2023-06-07 09:24:31-05:30,36,Female,Few times a month,Groceries and Gourmet Food,No,Few times a month,Keyword,Multiple pages,2,No,Often,Found a better price elsewhere,Sometimes,Yes,Occasionally,No,3,Sometimes,3,4,Wide product selection,Customer service responsiveness,36-45,3,2,Groceries and Gourmet Food
2023-06-07 09:25:35-05:30,23,Female,Multiple times a week,Beauty and Personal Care,Yes,Few times a week,Filter,Multiple pages,3,No,Often,Found a better price elsewhere,Sometimes,Yes,Occasionally,Yes,3,Sometimes,3,3,Competitive prices,Customer service responsiveness,18-25,5,3,Beauty and Personal Care
2023-06-07 09:27:03-05:30,23,Female,Few times a month,Clothing and Fashion,Sometimes,Few times a month,Filter,Multiple pages,3,No,Rarely,Found a better price elsewhere,Sometimes,Yes,Occasionally,Yes,3,No,3,3,Product recommendations,Customer service responsiveness,18-25,3,2,Clothing and Fashion
2023-06-07 09:28:09-05:30,23,Prefer not to say,Once a week,Clothing and Fashion,Yes,Few times a month,categories,Multiple pages,3,Maybe,Sometimes,Changed my mind or no longer need the item,Sometimes,Yes,Occasionally,Yes,3,No,3,3,Product recommendations,Customer service responsiveness,18-25,4,2,Clothing and Fashion
2023-06-07 09:32:38-05:30,21,Female,Once a week,Beauty and Personal Care,Yes,Few times a week,Filter,Multiple pages,3,Maybe,Sometimes,Found a better price elsewhere,Sometimes,No,Moderately,Yes,3,No,3,3,Competitive prices,Customer service responsiveness,18-25,4,3,Beauty and Personal Care
2023-06-07 10:56:11-05:30,23,Prefer not to say,Once a week,Clothing and Fashion,Yes,Few times a month,Keyword,Multiple pages,3,Maybe,Often,High shipping costs,Always,Yes,Heavily,Yes,3,Sometimes,3,3,Competitive prices,Product quality and accuracy,18-25,4,2,Clothing and Fashion
2023-06-07 10:57:14-05:30,26,Others,Few times a month,Beauty and Personal Care,Yes,Few times a week,Filter,Multiple pages,3,Yes,Sometimes,High shipping costs,Sometimes,Yes,Occasionally,No,3,No,2,3,User-friendly website/app interface,Product quality and accuracy,26-35,3,3,Beauty and Personal Care
2023-06-07 10:58:27-05:30,30,Female,Few times a month,Beauty and Personal Care,Yes,Few times a week,Filter,Multiple pages,3,Maybe,Sometimes,Found a better price elsewhere,Never,Yes,Moderately,Sometimes,3,Sometimes,3,3,Product recommendations,Customer service responsiveness,26-35,3,3,Beauty and Personal Care
2023-06-07 11:41:56-05:30,37,Female,Once a month,Clothing and Fashion,Sometimes,Few times a month,categories,Multiple pages,1,Yes,Sometimes,Changed my mind or no longer need the item,Often,No,Heavily,Yes,4,Sometimes,2,3,Wide product selection,Product quality and accuracy,36-45,2,2,Clothing and Fashion
2023-06-07 11:44:55-05:30,26,Female,Once a month,Beauty and Personal Care,Yes,Few times a week,categories,Multiple pages,3,Yes,Sometimes,Changed my mind or no longer need the item,Often,No,Occasionally,Yes,2,Yes,3,3,Competitive prices,Shipping speed and reliability,26-35,2,3,Beauty and Personal Care
2023-06-07 11:46:52-05:30,46,Female,Once a month,others,Sometimes,Rarely,others,First page,5,Yes,Always,High shipping costs,Always,Yes,Rarely,Sometimes,1,Yes,1,1,User-friendly website/app interface,Shipping speed and reliability,45+,2,1,others
2023-06-07 11:47:07-05:30,36,Female,Less than once a month,others,No,Rarely,others,Multiple pages,4,No,Never,others,Never,No,Never,Sometimes,4,Yes,4,4,User-friendly website/app interface,Product quality and accuracy,36-45,1,1,others
2023-06-07 11:47:44-05:30,40,Female,Less than once a month,Home and Kitchen,Sometimes,Rarely,categories,Multiple pages,3,Yes,Sometimes,Changed my mind or no longer need the item,Rarely,No,Moderately,Yes,3,Yes,2,2,Wide product selection,Customer service responsiveness,36-45,1,1,Home and Kitchen
2023-06-07 11:47:44-05:30,41,Male,Less than once a month,Clothing and Fashion,Sometimes,Few times a month,Keyword,Multiple pages,1,Yes,Always,Found a better price elsewhere,Rarely,Yes,Rarely,Yes,5,Yes,2,3,Wide product selection,Shipping speed and reliability,36-45,1,2,Clothing and Fashion
2023-06-07 11:48:25-05:30,34,Male,Less than once a month,others,No,Rarely,Keyword,Multiple pages,2,Maybe,Sometimes,Changed my mind or no longer need the item,Never,Yes,Moderately,Sometimes,4,No,3,2,Wide product selection,Scrolling option would be much better than going to next page,26-35,1,1,others
2023-06-07 11:54:03-05:30,29,Female,Once a month,Beauty and Personal Care;Clothing and Fashion;Home and Kitchen,No,Multiple times a day,Keyword,Multiple pages,1,Maybe,Often,Changed my mind or no longer need the item,Always,Yes,Heavily,Yes,5,No,3,3,User-friendly website/app interface,Product quality and accuracy,26-35,2,4,Beauty and Personal Care
2023-06-07 12:01:15-05:30,35,Male,Once a month,Clothing and Fashion,Sometimes,Few times a week,categories,Multiple pages,3,Yes,Sometimes,Changed my mind or no longer need the item,Rarely,No,Rarely,Yes,2,Yes,3,3,Product recommendations,Product quality and accuracy,26-35,2,3,Clothing and Fashion
2023-06-07 12:13:39-05:30,32,Male,Less than once a month,Clothing and Fashion,No,Rarely,Keyword,Multiple pages,5,Maybe,Sometimes,Found a better price elsewhere,Rarely,Yes,Moderately,Yes,3,Yes,1,3,Product recommendations,Reducing packaging waste,26-35,1,1,Clothing and Fashion
2023-06-07 12:23:07-05:30,41,Male,Few times a month,Beauty and Personal Care;Clothing and Fashion;others,Sometimes,Few times a week,Filter,Multiple pages,1,Yes,Often,Found a better price elsewhere,Never,No,Heavily,Yes,1,Yes,2,2,Wide product selection,Product quality and accuracy,36-45,3,3,Beauty and Personal Care
2023-06-07 12:27:12-05:30,35,Female,Few times a month,Home and Kitchen;others,Yes,Multiple times a day,Keyword,Multiple pages,1,Yes,Sometimes,Changed my mind or no longer need the item,Sometimes,Yes,Moderately,Yes,2,Yes,3,2,Wide product selection,Product quality and accuracy,26-35,3,4,Home and Kitchen
2023-06-07 12:29:31-05:30,36,Female,Few times a month,Groceries and Gourmet Food;Home and Kitchen;others,Yes,Few times a week,Keyword,Multiple pages,4,Yes,Sometimes,Found a better price elsewhere,Often,Yes,Moderately,Sometimes,3,Yes,2,1,Competitive prices,Reducing packaging waste,36-45,3,3,Groceries and Gourmet Food
2023-06-07 12:30:22-05:30,46,Female,Once a week,others,No,Few times a week,Keyword,Multiple pages,5,Yes,Often,Found a better price elsewhere,Often,No,Moderately,Yes,5,Sometimes,3,4,Wide product selection,Customer service responsiveness,45+,4,3,others
2023-06-07 12:36:04-05:30,39,Female,Few times a month,Home and Kitchen,Sometimes,Few times a week,Filter,First page,2,Yes,Sometimes,Changed my mind or no longer need the item,Sometimes,No,Rarely,No,1,Sometimes,2,3,Wide product selection,Customer service responsiveness,36-45,3,3,Home and Kitchen
2023-06-07 12:39:08-05:30,48,Male,Few times a month,Beauty and Personal Care,Yes,Few times a week,Filter,Multiple pages,1,Yes,Often,Changed my mind or no longer need the item,Often,Yes,Occasionally,Yes,2,Yes,2,1,Wide product selection,Customer service responsiveness,45+,3,3,Beauty and Personal Care
2023-06-07 12:44:27-05:30,25,Male,Few times a month,others,No,Few times a week,Keyword,Multiple pages,5,No,Sometimes,Found a better price elsewhere,Sometimes,No,Occasionally,Yes,3,Yes,3,4,Wide product selection,Customer service responsiveness,18-25,3,3,others
2023-06-07 12:50:13-05:30,38,Male,Once a month,Beauty and Personal Care;Clothing and Fashion;Home and Kitchen;others,Yes,Few times a week,categories,Multiple pages,1,Yes,Rarely,Found a better price elsewhere,Never,No,Heavily,Yes,3,Sometimes,3,3,User-friendly website/app interface,Quality of product is very poor according to the big offers,36-45,2,3,Beauty and Personal Care
2023-06-07 13:00:08-05:30,26,Male,Once a month,Beauty and Personal Care;Clothing and Fashion;Home and Kitchen,Yes,Few times a week,categories,Multiple pages,1,Maybe,Sometimes,others,Sometimes,No,Occasionally,Sometimes,1,Yes,3,3,Competitive prices,Product quality and accuracy,26-35,2,3,Beauty and Personal Care
2023-06-07 13:00:09-05:30,40,Female,Less than once a month,Beauty and Personal Care,No,Few times a week,categories,Multiple pages,4,Yes,Sometimes,High shipping costs,Often,Yes,Rarely,Sometimes,3,No,4,3,User-friendly website/app interface,Product quality and accuracy,36-45,1,3,Beauty and Personal Care
2023-06-07 13:04:07-05:30,49,Female,Few times a month,Groceries and Gourmet Food;Home and Kitchen;others,Sometimes,Multiple times a day,Keyword,Multiple pages,1,Yes,Sometimes,Found a better price elsewhere,Always,Yes,Heavily,Yes,3,Yes,3,2,Wide product selection,I have no problem with Amazon yet. But others tell me about the refund issues,45+,3,4,Groceries and Gourmet Food
2023-06-07 13:05:41-05:30,30,Male,Less than once a month,Clothing and Fashion,Yes,Few times a week,categories,Multiple pages,5,Yes,Sometimes,Changed my mind or no longer need the item,Sometimes,Yes,Occasionally,Yes,3,Yes,4,1,Wide product selection,Product quality and accuracy,26-35,1,3,Clothing and Fashion
2023-06-07 13:25:26-05:30,24,Female,Less than once a month,Clothing and Fashion,No,Rarely,categories,Multiple pages,1,Maybe,Rarely,High shipping costs,Sometimes,No,Moderately,Yes,2,Sometimes,3,2,Competitive prices,Customer service responsiveness,18-25,1,1,Clothing and Fashion
2023-06-07 13:33:51-05:30,23,Female,Once a month,Beauty and Personal Care;Home and Kitchen,Yes,Few times a week,Keyword,First page,1,Yes,Sometimes,Found a better price elsewhere,Rarely,No,Heavily,Yes,2,Yes,2,1,Wide product selection,Shipping speed and reliability,18-25,2,3,Beauty and Personal Care
2023-06-07 13:40:37-05:30,27,Male,Once a month,Clothing and Fashion,Sometimes,Few times a month,Keyword,Multiple pages,4,Yes,Sometimes,Found a better price elsewhere,Sometimes,No,Occasionally,Yes,3,Yes,3,4,User-friendly website/app interface,Product quality and accuracy,26-35,2,2,Clothing and Fashion
2023-06-07 13:49:06-05:30,28,Male,Less than once a month,others,No,Rarely,Keyword,Multiple pages,2,Maybe,Sometimes,Changed my mind or no longer need the item,Rarely,No,Moderately,Yes,5,Yes,2,2,Competitive prices,Product quality and accuracy,26-35,1,1,others
2023-06-07 14:09:49-05:30,23,Male,Less than once a month,others,No,Few times a week,Keyword,First page,3,Yes,Rarely,Changed my mind or no longer need the item,Often,Yes,Moderately,Sometimes,2,Sometimes,3,2,User-friendly website/app interface,Product quality and accuracy,18-25,1,3,others
2023-06-07 14:11:50-05:30,46,Female,Few times a month,Home and Kitchen,Yes,Few times a week,categories,Multiple pages,1,Yes,Always,Found a better price elsewhere,Often,No,Occasionally,Yes,1,Yes,2,2,Product recommendations,Product quality and accuracy,45+,3,3,Home and Kitchen
2023-06-07 14:16:43-05:30,27,Male,Less than once a month,others,Sometimes,Rarely,Keyword,First page,2,Maybe,Rarely,others,Often,No,Heavily,Sometimes,3,Sometimes,3,3,Product recommendations,Customer service responsiveness,26-35,1,1,others
2023-06-07 14:19:05-05:30,20,Female,Once a month,Home and Kitchen,No,Rarely,categories,Multiple pages,1,Yes,Sometimes,Changed my mind or no longer need the item,Often,Yes,Moderately,Yes,3,Sometimes,2,3,Competitive prices,Product quality and accuracy,18-25,2,1,Home and Kitchen
2023-06-07 14:22:14-05:30,23,Female,Less than once a month,Beauty and Personal Care;Clothing and Fashion,No,Few times a month,Keyword,Multiple pages,4,Yes,Rarely,Changed my mind or no longer need the item,Sometimes,No,Heavily,Yes,4,Yes,3,4,User-friendly website/app interface,Shipping speed and reliability,18-25,1,2,Beauty and Personal Care
2023-06-07 14:23:02-05:30,29,Female,Once a week,Groceries and Gourmet Food;Beauty and Personal Care;Clothing and Fashion;Home and Kitchen;others,Yes,Multiple times a day,Keyword,Multiple pages,1,Yes,Often,Found a better price elsewhere,Never,Yes,Moderately,Yes,2,Sometimes,2,2,Wide product selection,Customer service responsiveness,26-35,4,4,Groceries and Gourmet Food
2023-06-07 14:33:56-05:30,29,Female,Less than once a month,Clothing and Fashion,Yes,Few times a month,others,First page,1,Maybe,Sometimes,High shipping costs,Sometimes,Yes,Moderately,Yes,1,Yes,1,3,Wide product selection,Product quality and accuracy,26-35,1,2,Clothing and Fashion
2023-06-07 14:40:30-05:30,57,Female,Few times a month,Home and Kitchen,No,Few times a week,categories,Multiple pages,1,Yes,Often,Found a better price elsewhere,Sometimes,Yes,Heavily,Yes,4,Yes,3,3,User-friendly website/app interface,Customer service responsiveness,45+,3,3,Home and Kitchen
2023-06-07 15:13:52-05:30,25,Female,Less than once a month,Beauty and Personal Care,No,Few times a week,Keyword,Multiple pages,1,Yes,Sometimes,Found a better price elsewhere,Sometimes,No,Moderately,Yes,4,Yes,3,1,User-friendly website/app interface,Customer service responsiveness,18-25,1,3,Beauty and Personal Care
2023-06-07 15:56:01-05:30,23,Female,Few times a month,Beauty and Personal Care;others,No,Few times a month,categories,Multiple pages,1,Yes,Sometimes,Found a better price elsewhere,Rarely,No,Occasionally,Yes,1,Sometimes,3,2,Product recommendations,Product quality and accuracy,18-25,3,2,Beauty and Personal Care
2023-06-07 15:58:52-05:30,15,Male,Once a month,Clothing and Fashion;others,No,Few times a week,Keyword,First page,1,Yes,Sometimes,others,Rarely,No,Heavily,Sometimes,3,Sometimes,3,2,Wide product selection,Product quality and accuracy,<18,2,3,Clothing and Fashion
2023-06-07 16:10:33-05:30,39,Male,Less than once a month,Clothing and Fashion;others,Yes,Few times a month,Keyword,Multiple pages,2,Yes,Often,Found a better price elsewhere,Sometimes,Yes,Moderately,Yes,3,Sometimes,3,2,Wide product selection,Product quality and accuracy,36-45,1,2,Clothing and Fashion
2023-06-07 16:46:12-05:30,23,Female,Once a month,Beauty and Personal Care;Clothing and Fashion,No,Few times a month,categories,Multiple pages,4,Yes,Sometimes,Found a better price elsewhere,Sometimes,No,Heavily,Yes,3,Sometimes,4,3,User-friendly website/app interface,Reducing packaging waste,18-25,2,2,Beauty and Personal Care
2023-06-07 17:26:20-05:30,25,Female,Less than once a month,Beauty and Personal Care,No,Few times a week,Keyword,Multiple pages,5,Yes,Sometimes,High shipping costs,Rarely,Yes,Heavily,Yes,3,Yes,3,3,Competitive prices,Shipping speed and reliability,18-25,1,3,Beauty and Personal Care
2023-06-07 17:58:12-05:30,37,Female,Multiple times a week,Groceries and Gourmet Food;Beauty and Personal Care;Clothing and Fashion;Home and Kitchen;others,Sometimes,Few times a week,categories,Multiple pages,1,Yes,Always,Changed my mind or no longer need the item,Often,Yes,Heavily,Yes,2,Sometimes,3,2,Wide product selection,Reducing packaging waste,36-45,5,3,Groceries and Gourmet Food
2023-06-07 18:15:10-05:30,23,Female,Few times a month,Beauty and Personal Care;Home and Kitchen,No,Few times a month,categories,Multiple pages,3,Maybe,Sometimes,Changed my mind or no longer need the item,Sometimes,Yes,Occasionally,No,3,No,2,2,Product recommendations,Reducing packaging waste,18-25,3,2,Beauty and Personal Care
2023-06-07 18:16:51-05:30,23,Female,Few times a month,Clothing and Fashion;Home and Kitchen,No,Few times a week,Filter,Multiple pages,3,No,Sometimes,Changed my mind or no longer need the item,Sometimes,No,Rarely,Sometimes,3,No,3,3,User-friendly website/app interface,Reducing packaging waste,18-25,3,3,Clothing and Fashion
2023-06-07 18:17:42-05:30,23,Female,Once a month,Clothing and Fashion;Home and Kitchen,Sometimes,Few times a month,Filter,First page,3,Maybe,Sometimes,Changed my mind or no longer need the item,Sometimes,Yes,Occasionally,No,3,No,3,3,Product recommendations,Reducing packaging waste,18-25,2,2,Clothing and Fashion
2023-06-07 18:18:37-05:30,23,Female,Once a week,Beauty and Personal Care,No,Few times a month,categories,Multiple pages,2,No,Often,Found a better price elsewhere,Sometimes,No,Occasionally,Sometimes,3,No,3,2,Product recommendations,Customer service responsiveness,18-25,4,2,Beauty and Personal Care
2023-06-07 18:20:00-05:30,21,Female,Once a month,Clothing and Fashion;Home and Kitchen,No,Few times a month,Filter,Multiple pages,4,Maybe,Sometimes,Found a better price elsewhere,Rarely,Yes,Moderately,No,2,No,2,4,Competitive prices,Customer service responsiveness,18-25,2,2,Clothing and Fashion
2023-06-07 18:20:53-05:30,21,Female,Once a week,Clothing and Fashion,No,Few times a week,Filter,Multiple pages,3,No,Sometimes,Found a better price elsewhere,Sometimes,No,Moderately,No,4,Yes,2,1,Product recommendations,Customer service responsiveness,18-25,4,3,Clothing and Fashion
2023-06-07 18:28:35-05:30,34,Female,Once a week,Beauty and Personal Care,No,Few times a week,Filter,Multiple pages,2,No,Sometimes,Found a better price elsewhere,Often,Yes,Occasionally,No,2,No,3,2,Competitive prices,Customer service responsiveness,26-35,4,3,Beauty and Personal Care
2023-06-07 18:29:14-05:30,23,Female,Few times a month,Clothing and Fashion;Home and Kitchen,No,Few times a week,Filter,Multiple pages,3,No,Sometimes,Found a better price elsewhere,Sometimes,No,Occasionally,No,3,No,3,1,Product recommendations,Customer service responsiveness,18-25,3,3,Clothing and Fashion
2023-06-07 18:29:53-05:30,23,Female,Once a week,Beauty and Personal Care,No,Few times a month,Filter,Multiple pages,3,No,Sometimes,Found a better price elsewhere,Sometimes,No,Occasionally,Sometimes,3,No,3,2,Product recommendations,Reducing packaging waste,18-25,4,2,Beauty and Personal Care
2023-06-07 18:30:43-05:30,23,Prefer not to say,Few times a month,Clothing and Fashion,No,Few times a month,categories,Multiple pages,3,No,Sometimes,Changed my mind or no longer need the item,Sometimes,Yes,Occasionally,No,3,No,3,1,Competitive prices,Customer service responsiveness,18-25,3,2,Clothing and Fashion
2023-06-07 18:31:23-05:30,27,Female,Once a week,Beauty and Personal Care,No,Few times a month,categories,Multiple pages,2,No,Sometimes,Changed my mind or no longer need the item,Sometimes,No,Rarely,Sometimes,3,No,2,1,Wide product selection,Customer service responsiveness,26-35,4,2,Beauty and Personal Care
2023-06-07 19:17:13-05:30,23,Female,Less than once a month,others,No,Rarely,categories,Multiple pages,3,Maybe,Sometimes,Changed my mind or no longer need the item,Never,Yes,Occasionally,Sometimes,3,Sometimes,3,2,Wide product selection,Product quality and accuracy,18-25,1,1,others
2023-06-07 20:20:23-05:30,47,Female,Less than once a month,Clothing and Fashion,No,Rarely,categories,Multiple pages,1,Maybe,Rarely,Changed my mind or no longer need the item,Always,No,Heavily,Yes,5,Sometimes,3,2,Product recommendations,Product quality and accuracy,45+,1,1,Clothing and Fashion
2023-06-07 20:41:53-05:30,54,Male,Less than once a month,others,No,Rarely,Keyword,Multiple pages,1,Yes,Often,Found a better price elsewhere,Never,Yes,Heavily,Yes,1,Yes,3,3,Wide product selection,Product quality and accuracy,45+,1,1,others
2023-06-07 21:16:59-05:30,46,Prefer not to say,Once a week,Beauty and Personal Care;Home and Kitchen,No,Few times a month,Filter,Multiple pages,4,Maybe,Rarely,Changed my mind or no longer need the item,Sometimes,No,Moderately,No,3,No,3,3,User-friendly website/app interface,Reducing packaging waste,45+,4,2,Beauty and Personal Care
2023-06-07 21:17:50-05:30,38,Female,Once a month,others,No,Few times a week,categories,Multiple pages,2,No,Sometimes,Found a better price elsewhere,Rarely,No,Moderately,Yes,3,No,1,3,Competitive prices,Customer service responsiveness,36-45,2,3,others
2023-06-07 21:18:29-05:30,45,Female,Few times a month,Groceries and Gourmet Food;Home and Kitchen,Sometimes,Few times a week,Filter,Multiple pages,3,Maybe,Sometimes,Changed my mind or no longer need the item,Always,Yes,Moderately,No,1,No,2,2,Product recommendations,Reducing packaging waste,36-45,3,3,Groceries and Gourmet Food
2023-06-07 21:18:55-05:30,34,Male,Once a week,Clothing and Fashion,Yes,Few times a week,others,Multiple pages,4,No,Rarely,Changed my mind or no longer need the item,Often,Yes,Occasionally,No,4,No,3,2,Product recommendations,Reducing packaging waste,26-35,4,3,Clothing and Fashion
2023-06-07 21:19:32-05:30,44,Female,Once a week,Clothing and Fashion,Sometimes,Few times a month,categories,Multiple pages,2,Maybe,Sometimes,Found a better price elsewhere,Sometimes,Yes,Occasionally,No,5,Sometimes,4,3,Competitive prices,Customer service responsiveness,36-45,4,2,Clothing and Fashion
2023-06-07 21:21:10-05:30,23,Female,Few times a month,Clothing and Fashion;Home and Kitchen;others,Sometimes,Few times a month,Filter,Multiple pages,2,No,Always,Changed my mind or no longer need the item,Sometimes,Yes,Rarely,No,2,No,3,3,Competitive prices,Customer service responsiveness,18-25,3,2,Clothing and Fashion
2023-06-07 21:21:50-05:30,32,Female,Once a week,Beauty and Personal Care,Yes,Few times a week,Filter,First page,3,No,Often,Changed my mind or no longer need the item,Sometimes,No,Moderately,No,4,No,4,5,Product recommendations,Customer service responsiveness,26-35,4,3,Beauty and Personal Care
2023-06-07 21:22:24-05:30,23,Female,Once a week,Beauty and Personal Care,Yes,Multiple times a day,Keyword,Multiple pages,3,Yes,Always,Changed my mind or no longer need the item,Always,Yes,Occasionally,Yes,2,No,4,3,Product recommendations,Product quality and accuracy,18-25,4,4,Beauty and Personal Care
2023-06-07 21:23:39-05:30,23,Female,Few times a month,Clothing and Fashion,No,Few times a week,Filter,First page,2,Maybe,Always,Found a better price elsewhere,Often,Yes,Rarely,No,2,No,3,2,Product recommendations,Customer service responsiveness,18-25,3,3,Clothing and Fashion
2023-06-07 21:23:41-05:30,23,Male,Once a week,Groceries and Gourmet Food;Clothing and Fashion;Home and Kitchen,No,Few times a week,Keyword,Multiple pages,1,Yes,Always,Changed my mind or no longer need the item,Always,Yes,Heavily,Yes,1,Yes,1,1,Wide product selection,Product quality and accuracy,18-25,4,3,Groceries and Gourmet Food
2023-06-07 21:35:08-05:30,19,Female,Few times a month,Clothing and Fashion,No,Few times a week,categories,Multiple pages,2,Yes,Often,Found a better price elsewhere,Always,Yes,Moderately,Yes,4,Yes,2,2,User-friendly website/app interface,Customer service responsiveness,18-25,3,3,Clothing and Fashion
2023-06-07 21:35:23-05:30,23,Female,Less than once a month,Beauty and Personal Care;others,No,Few times a month,Keyword,Multiple pages,5,Yes,Sometimes,Found a better price elsewhere,Always,No,Heavily,Yes,5,No,4,1,Wide product selection,Shipping speed and reliability,18-25,1,2,Beauty and Personal Care
2023-06-07 21:53:52-05:30,23,Female,Few times a month,Beauty and Personal Care;Clothing and Fashion,No,Few times a week,Keyword,Multiple pages,3,No,Sometimes,Found a better price elsewhere,Always,Yes,Moderately,No,2,Yes,3,3,Product recommendations,Customer service responsiveness,18-25,3,3,Beauty and Personal Care
2023-06-07 21:54:24-05:30,34,Male,Once a week,Beauty and Personal Care;Home and Kitchen,Yes,Few times a month,Filter,Multiple pages,3,No,Sometimes,Changed my mind or no longer need the item,Often,Yes,Occasionally,No,3,No,3,3,Product recommendations,Customer service responsiveness,26-35,4,2,Beauty and Personal Care
2023-06-07 21:54:56-05:30,34,Female,Once a week,Clothing and Fashion,No,Few times a week,Keyword,Multiple pages,3,No,Sometimes,Found a better price elsewhere,Sometimes,No,Rarely,Sometimes,3,No,2,4,Product recommendations,Reducing packaging waste,26-35,4,3,Clothing and Fashion
2023-06-07 22:07:42-05:30,34,Female,Once a month,Home and Kitchen;others,No,Few times a week,Keyword,Multiple pages,4,Yes,Often,Found a better price elsewhere,Sometimes,Yes,Moderately,Sometimes,3,No,4,4,Wide product selection,Product quality and accuracy,26-35,2,3,Home and Kitchen
2023-06-07 22:09:17-05:30,23,Prefer not to say,Few times a month,Beauty and Personal Care,No,Few times a week,categories,Multiple pages,3,No,Often,Found a better price elsewhere,Often,No,Occasionally,No,2,Yes,2,3,Wide product selection,Customer service responsiveness,18-25,3,3,Beauty and Personal Care
2023-06-07 22:09:54-05:30,45,Female,Once a week,Clothing and Fashion,Sometimes,Rarely,Keyword,Multiple pages,2,Maybe,Always,High shipping costs,Rarely,Yes,Moderately,No,3,Sometimes,2,3,Competitive prices,Customer service responsiveness,36-45,4,1,Clothing and Fashion
2023-06-07 22:10:26-05:30,23,Female,Once a week,Groceries and Gourmet Food,Yes,Few times a week,Filter,First page,3,No,Always,Changed my mind or no longer need the item,Rarely,Yes,Rarely,Sometimes,2,No,2,1,Competitive prices,Shipping speed and reliability,18-25,4,3,Groceries and Gourmet Food
2023-06-07 22:10:58-05:30,34,Female,Once a week,Clothing and Fashion;Home and Kitchen,No,Few times a month,Filter,First page,2,No,Sometimes,Changed my mind or no longer need the item,Often,Yes,Moderately,No,3,Sometimes,3,3,Competitive prices,Customer service responsiveness,26-35,4,2,Clothing and Fashion
2023-06-07 22:11:28-05:30,37,Female,Once a week,Beauty and Personal Care,No,Few times a week,categories,First page,2,Yes,Always,Found a better price elsewhere,Often,No,Occasionally,No,3,No,3,3,Product recommendations,Reducing packaging waste,36-45,4,3,Beauty and Personal Care
2023-06-07 22:16:22-05:30,34,Female,Once a week,Clothing and Fashion,No,Few times a week,Filter,Multiple pages,2,No,Sometimes,Changed my mind or no longer need the item,Often,Yes,Occasionally,No,2,No,3,2,Competitive prices,Customer service responsiveness,26-35,4,3,Clothing and Fashion
2023-06-07 22:16:54-05:30,23,Others,Once a month,Groceries and Gourmet Food,Sometimes,Few times a week,Filter,Multiple pages,3,Maybe,Sometimes,Changed my mind or no longer need the item,Sometimes,No,Never,Sometimes,3,Sometimes,3,3,Product recommendations,Customer service responsiveness,18-25,2,3,Groceries and Gourmet Food
2023-06-07 22:17:40-05:30,45,Female,Once a week,others,No,Rarely,Keyword,Multiple pages,2,No,Sometimes,others,Often,No,Occasionally,No,3,No,3,3,User-friendly website/app interface,Reducing packaging waste,36-45,4,1,others
2023-06-07 22:20:09-05:30,26,Male,Less than once a month,Clothing and Fashion,Yes,Few times a week,Keyword,Multiple pages,5,Yes,Rarely,Found a better price elsewhere,Rarely,Yes,Never,Yes,3,Yes,1,3,Wide product selection,User interface,26-35,1,3,Clothing and Fashion
2023-06-07 22:21:00-05:30,34,Female,Few times a month,Beauty and Personal Care;Clothing and Fashion,No,Few times a week,categories,Multiple pages,2,No,Often,Changed my mind or no longer need the item,Often,No,Moderately,No,2,No,2,4,Competitive prices,Customer service responsiveness,26-35,3,3,Beauty and Personal Care
2023-06-07 22:35:06-05:30,21,Prefer not to say,Once a week,Beauty and Personal Care;Clothing and Fashion,Yes,Few times a week,Filter,Multiple pages,3,No,Rarely,Changed my mind or no longer need the item,Rarely,Yes,Occasionally,No,3,No,3,5,Product recommendations,Product quality and accuracy,18-25,4,3,Beauty and Personal Care
2023-06-07 22:38:51-05:30,23,Prefer not to say,Few times a month,Clothing and Fashion;Home and Kitchen,Sometimes,Few times a week,Keyword,Multiple pages,3,Yes,Sometimes,Found a better price elsewhere,Often,No,Moderately,No,4,Sometimes,3,3,Product recommendations,Customer service responsiveness,18-25,3,3,Clothing and Fashion
2023-06-07 22:39:21-05:30,41,Male,Multiple times a week,Groceries and Gourmet Food;Beauty and Personal Care;Clothing and Fashion;Home and Kitchen;others,No,Multiple times a day,Keyword,Multiple pages,1,Maybe,Often,Changed my mind or no longer need the item,Never,Yes,Heavily,Yes,3,Yes,3,4,Wide product selection,Irrelevant product suggestions,36-45,5,4,Groceries and Gourmet Food
2023-06-07 22:40:10-05:30,32,Female,Few times a month,Beauty and Personal Care;Clothing and Fashion,Sometimes,Few times a week,Filter,Multiple pages,4,Maybe,Rarely,Found a better price elsewhere,Sometimes,No,Occasionally,No,3,No,3,3,Competitive prices,Customer service responsiveness,26-35,3,3,Beauty and Personal Care
2023-06-07 22:41:10-05:30,23,Female,Once a week,Beauty and Personal Care,Sometimes,Few times a week,Filter,Multiple pages,3,Maybe,Rarely,Found a better price elsewhere,Sometimes,No,Occasionally,No,4,Sometimes,3,3,Competitive prices,Shipping speed and reliability,18-25,4,3,Beauty and Personal Care
2023-06-07 22:42:24-05:30,22,Female,Multiple times a week,Beauty and Personal Care,Yes,Few times a week,Keyword,Multiple pages,3,Maybe,Sometimes,Changed my mind or no longer need the item,Always,No,Occasionally,Sometimes,4,Sometimes,3,4,Product recommendations,Product quality and accuracy,18-25,5,3,Beauty and Personal Care
2023-06-07 22:44:42-05:30,48,Female,Multiple times a week,Clothing and Fashion,Yes,Rarely,Keyword,First page,4,No,Rarely,High shipping costs,Rarely,No,Moderately,No,1,Sometimes,2,2,Wide product selection,Shipping speed and reliability,45+,5,1,Clothing and Fashion
2023-06-07 22:58:04-05:30,32,Male,Few times a month,Groceries and Gourmet Food,Yes,Few times a week,Filter,Multiple pages,3,Maybe,Rarely,Found a better price elsewhere,Sometimes,Yes,Occasionally,Yes,3,Sometimes,3,3,Competitive prices,Customer service responsiveness,26-35,3,3,Groceries and Gourmet Food
2023-06-07 22:59:06-05:30,28,Prefer not to say,Few times a month,Beauty and Personal Care,Sometimes,Few times a month,categories,Multiple pages,3,Maybe,Sometimes,High shipping costs,Sometimes,No,Occasionally,Sometimes,3,No,3,3,Product recommendations,Reducing packaging waste,26-35,3,2,Beauty and Personal Care
2023-06-07 23:00:15-05:30,23,Female,Once a week,Beauty and Personal Care,Yes,Few times a week,Filter,First page,3,Maybe,Rarely,Changed my mind or no longer need the item,Rarely,No,Occasionally,Sometimes,3,Sometimes,3,3,Product recommendations,Reducing packaging waste,18-25,4,3,Beauty and Personal Care
2023-06-07 23:01:42-05:30,23,Female,Few times a month,Beauty and Personal Care,No,Few times a week,categories,First page,3,Yes,Rarely,Changed my mind or no longer need the item,Always,Yes,Occasionally,No,3,Sometimes,3,3,Product recommendations,Customer service responsiveness,18-25,3,3,Beauty and Personal Care
2023-06-07 23:02:45-05:30,26,Female,Multiple times a week,Clothing and Fashion,Sometimes,Few times a week,categories,Multiple pages,3,Maybe,Sometimes,Changed my mind or no longer need the item,Sometimes,Yes,Occasionally,No,4,Sometimes,3,3,Competitive prices,Reducing packaging waste,26-35,5,3,Clothing and Fashion
2023-06-07 23:03:50-05:30,34,Female,Multiple times a week,Beauty and Personal Care,Sometimes,Few times a week,categories,Multiple pages,3,Maybe,Sometimes,Changed my mind or no longer need the item,Sometimes,No,Moderately,Sometimes,4,Sometimes,3,3,User-friendly website/app interface,Reducing packaging waste,26-35,5,3,Beauty and Personal Care
2023-06-07 23:05:19-05:30,23,Female,Multiple times a week,Beauty and Personal Care,Sometimes,Few times a week,Filter,First page,3,Maybe,Sometimes,Found a better price elsewhere,Sometimes,Yes,Heavily,Yes,3,Sometimes,3,3,Product recommendations,Reducing packaging waste,18-25,5,3,Beauty and Personal Care
2023-06-07 23:06:40-05:30,22,Female,Once a week,Clothing and Fashion,Sometimes,Few times a month,Filter,Multiple pages,3,Maybe,Sometimes,Found a better price elsewhere,Sometimes,Yes,Occasionally,Sometimes,3,Sometimes,3,3,Product recommendations,Reducing packaging waste,18-25,4,2,Clothing and Fashion
2023-06-07 23:07:55-05:30,32,Prefer not to say,Once a month,Clothing and Fashion,Sometimes,Few times a week,categories,Multiple pages,3,Maybe,Never,Changed my mind or no longer need the item,Sometimes,No,Occasionally,Sometimes,3,Sometimes,3,4,Product recommendations,Reducing packaging waste,26-35,2,3,Clothing and Fashion
2023-06-07 23:08:52-05:30,47,Female,Once a month,Clothing and Fashion,No,Multiple times a day,categories,Multiple pages,2,Yes,Often,High shipping costs,Sometimes,Yes,Moderately,Yes,3,Sometimes,2,3,User-friendly website/app interface,Shipping speed and reliability,45+,2,4,Clothing and Fashion
2023-06-07 23:10:09-05:30,22,Female,Few times a month,Beauty and Personal Care,Sometimes,Few times a week,categories,Multiple pages,3,Maybe,Sometimes,Changed my mind or no longer need the item,Sometimes,No,Occasionally,Yes,3,Sometimes,3,3,Product recommendations,Reducing packaging waste,18-25,3,3,Beauty and Personal Care
2023-06-08 03:23:21-05:30,47,Male,Few times a month,Clothing and Fashion;Home and Kitchen;others,No,Few times a week,Filter,Multiple pages,2,Yes,Often,Changed my mind or no longer need the item,Often,No,Moderately,No,3,Yes,2,2,Competitive prices,Product quality and accuracy,45+,3,3,Clothing and Fashion
2023-06-08 03:23:36-05:30,22,Female,Few times a month,Groceries and Gourmet Food;Beauty and Personal Care;Clothing and Fashion;Home and Kitchen;others,No,Multiple times a day,Keyword,Multiple pages,1,Yes,Sometimes,Found a better price elsewhere,Often,No,Heavily,Yes,1,Sometimes,2,1,Competitive prices,Customer service responsiveness,18-25,3,4,Groceries and Gourmet Food
2023-06-08 03:23:58-05:30,45,Prefer not to say,Once a month,Groceries and Gourmet Food;Beauty and Personal Care,Sometimes,Rarely,others,First page,5,Maybe,Never,others,Never,No,Never,Sometimes,5,Sometimes,5,5,User-friendly website/app interface,Product quality and accuracy,36-45,2,1,Groceries and Gourmet Food
2023-06-08 03:24:37-05:30,21,Male,Less than once a month,others,Sometimes,Rarely,others,First page,4,Maybe,Rarely,Changed my mind or no longer need the item,Rarely,No,Rarely,No,4,Sometimes,4,4,Wide product selection,Shipping speed and reliability,18-25,1,1,others
2023-06-08 03:25:14-05:30,27,Others,Few times a month,Beauty and Personal Care;Clothing and Fashion,No,Few times a month,categories,Multiple pages,2,No,Often,Found a better price elsewhere,Often,Yes,Heavily,No,2,Yes,2,2,Wide product selection,Product quality and accuracy,26-35,3,2,Beauty and Personal Care
2023-06-08 03:25:32-05:30,37,Male,Less than once a month,Groceries and Gourmet Food;Home and Kitchen;others,Sometimes,Few times a week,Keyword,Multiple pages,1,Maybe,Sometimes,Changed my mind or no longer need the item,Sometimes,Yes,Heavily,Sometimes,2,Sometimes,2,1,Wide product selection,Customer service responsiveness,36-45,1,3,Groceries and Gourmet Food
2023-06-08 03:26:03-05:30,33,Female,Multiple times a week,Groceries and Gourmet Food;Beauty and Personal Care;Clothing and Fashion;Home and Kitchen;others,No,Few times a month,categories,Multiple pages,1,Yes,Always,Changed my mind or no longer need the item,Often,Yes,Moderately,Yes,2,No,3,2,Wide product selection,Reducing packaging waste,26-35,5,2,Groceries and Gourmet Food
2023-06-08 03:26:38-05:30,22,Others,Once a week,Beauty and Personal Care,No,Few times a month,categories,First page,3,No,Often,Changed my mind or no longer need the item,Often,No,Occasionally,No,2,No,2,3,Product recommendations,Customer service responsiveness,18-25,4,2,Beauty and Personal Care
2023-06-08 03:27:23-05:30,25,Male,Few times a month,Clothing and Fashion;Home and Kitchen,No,Multiple times a day,Filter,Multiple pages,3,No,Often,Changed my mind or no longer need the item,Often,No,Moderately,No,3,No,3,3,Wide product selection,Product quality and accuracy,18-25,3,4,Clothing and Fashion
2023-06-08 03:27:57-05:30,28,Female,Few times a month,Groceries and Gourmet Food;Beauty and Personal Care;Clothing and Fashion;Home and Kitchen;others,Yes,Multiple times a day,Keyword,Multiple pages,1,Yes,Often,Found a better price elsewhere,Often,No,Moderately,Yes,1,Yes,1,1,Product recommendations,Customer service responsiveness,26-35,3,4,Groceries and Gourmet Food
2023-06-08 03:28:23-05:30,17,Prefer not to say,Few times a month,Clothing and Fashion;Home and Kitchen;others,No,Rarely,Filter,First page,3,No,Often,Changed my mind or no longer need the item,Never,No,Never,Sometimes,5,Sometimes,5,5,User-friendly website/app interface,Shipping speed and reliability,<18,3,1,Clothing and Fashion
2023-06-08 03:29:26-05:30,16,Male,Once a month,Clothing and Fashion;others,No,Rarely,Keyword,First page,4,No,Sometimes,Changed my mind or no longer need the item,Rarely,No,Heavily,No,4,No,4,4,User-friendly website/app interface,Customer service responsiveness,<18,2,1,Clothing and Fashion
2023-06-08 03:30:05-05:30,32,Male,Less than once a month,Groceries and Gourmet Food;Beauty and Personal Care;others,Yes,Multiple times a day,Keyword,Multiple pages,1,Maybe,Often,Changed my mind or no longer need the item,Often,No,Moderately,Sometimes,2,Sometimes,2,1,Wide product selection,Customer service responsiveness,26-35,1,4,Groceries and Gourmet Food
2023-06-08 03:30:19-05:30,27,Female,Once a month,Groceries and Gourmet Food;Beauty and Personal Care;Clothing and Fashion;Home and Kitchen,No,Few times a month,categories,Multiple pages,1,Yes,Sometimes,Changed my mind or no longer need the item,Often,No,Heavily,No,1,No,2,2,Wide product selection,Product quality and accuracy,26-35,2,2,Groceries and Gourmet Food
2023-06-08 03:32:42-05:30,18,Female,Few times a month,Groceries and Gourmet Food;Beauty and Personal Care;Clothing and Fashion,No,Few times a week,Keyword,Multiple pages,2,No,Often,High shipping costs,Often,Yes,Heavily,Sometimes,1,No,2,2,Competitive prices,Shipping speed and reliability,<18,3,3,Groceries and Gourmet Food
2023-06-08 03:33:39-05:30,37,Male,Less than once a month,others,No,Rarely,others,First page,3,No,Often,Changed my mind or no longer need the item,Never,No,Heavily,Sometimes,4,Yes,4,4,Wide product selection,Product quality and accuracy,36-45,1,1,others
2023-06-08 07:00:57-05:30,28,Male,Once a month,Clothing and Fashion,Yes,Few times a week,categories,Multiple pages,1,No,Sometimes,others,Sometimes,Yes,Heavily,Yes,2,Sometimes,3,3,Product recommendations,Product quality and accuracy,26-35,2,3,Clothing and Fashion
2023-06-08 07:33:15-05:30,48,Female,Less than once a month,Beauty and Personal Care,Sometimes,Rarely,categories,First page,5,Yes,Always,Found a better price elsewhere,Rarely,No,Occasionally,Yes,3,Yes,3,2,Competitive prices,Shipping speed and reliability,45+,1,1,Beauty and Personal Care
2023-06-08 08:59:45-05:30,50,Female,Multiple times a week,Home and Kitchen,Yes,Multiple times a day,others,Multiple pages,3,Yes,Sometimes,Found a better price elsewhere,Always,Yes,Moderately,Yes,2,Yes,3,3,Wide product selection,Product quality and accuracy,45+,5,4,Home and Kitchen
2023-06-08 09:16:26-05:30,24,Female,Few times a month,Clothing and Fashion;Home and Kitchen,No,Few times a week,Keyword,Multiple pages,1,Yes,Sometimes,Changed my mind or no longer need the item,Sometimes,Yes,Heavily,Yes,3,Sometimes,3,2,Competitive prices,User interface of app,18-25,3,3,Clothing and Fashion
2023-06-08 09:54:40-05:30,40,Female,Few times a month,Beauty and Personal Care;Clothing and Fashion;others,No,Few times a week,categories,First page,1,No,Always,Found a better price elsewhere,Sometimes,No,Never,Sometimes,5,Sometimes,3,4,Product recommendations,Product quality and accuracy,36-45,3,3,Beauty and Personal Care
2023-06-08 10:54:00-05:30,25,Female,Multiple times a week,Beauty and Personal Care;Clothing and Fashion;Home and Kitchen,No,Multiple times a day,Filter,Multiple pages,1,Yes,Always,High shipping costs,Always,Yes,Heavily,Yes,1,Yes,1,3,Quick delivery,Reducing packaging waste,18-25,5,4,Beauty and Personal Care
2023-06-08 11:59:14-05:30,31,Male,Once a week,Beauty and Personal Care;Home and Kitchen;others,No,Multiple times a day,Keyword,Multiple pages,4,Yes,Always,Changed my mind or no longer need the item,Sometimes,Yes,Heavily,Yes,2,Yes,3,1,Competitive prices,Product quality and accuracy,26-35,4,4,Beauty and Personal Care
2023-06-08 12:22:05-05:30,18,Female,Once a month,Clothing and Fashion,No,Few times a month,Keyword,Multiple pages,2,No,Sometimes,Changed my mind or no longer need the item,Always,Yes,Heavily,Yes,1,Yes,5,3,User-friendly website/app interface,Shipping speed and reliability,<18,2,2,Clothing and Fashion
2023-06-08 14:21:41-05:30,26,Female,Once a week,Beauty and Personal Care,Yes,Few times a month,categories,Multiple pages,1,Yes,Often,Found a better price elsewhere,Sometimes,Yes,Moderately,Yes,1,Yes,1,1,Wide product selection,Product quality and accuracy,26-35,4,2,Beauty and Personal Care
2023-06-08 16:29:56-05:30,16,Female,Less than once a month,Clothing and Fashion;Home and Kitchen,No,Few times a month,Keyword,Multiple pages,1,Yes,Often,others,Rarely,Yes,Heavily,Sometimes,1,Sometimes,3,3,Wide product selection,Product quality and accuracy,<18,1,2,Clothing and Fashion
2023-06-08 17:06:30-05:30,18,Male,Once a week,Beauty and Personal Care;Clothing and Fashion,Sometimes,Multiple times a day,categories,First page,3,No,Often,Found a better price elsewhere,Sometimes,No,Moderately,No,3,No,3,2,Competitive prices,Reducing packaging waste,<18,4,4,Beauty and Personal Care
2023-06-08 17:07:19-05:30,40,Male,Less than once a month,Home and Kitchen;others,No,Few times a week,Keyword,Multiple pages,3,No,Often,Found a better price elsewhere,Often,No,Moderately,No,2,No,2,2,Competitive prices,Product quality and accuracy,36-45,1,3,Home and Kitchen
2023-06-08 17:07:35-05:30,19,Female,Few times a month,Beauty and Personal Care;Clothing and Fashion,Yes,Multiple times a day,Keyword,Multiple pages,1,Maybe,Often,Found a better price elsewhere,Often,Yes,Heavily,Yes,1,Yes,1,1,Wide product selection,Customer service responsiveness,18-25,3,4,Beauty and Personal Care
2023-06-08 17:08:27-05:30,16,Prefer not to say,Few times a month,Groceries and Gourmet Food;Beauty and Personal Care;Clothing and Fashion;Home and Kitchen;others,Sometimes,Few times a week,Filter,Multiple pages,2,Yes,Sometimes,Changed my mind or no longer need the item,Often,No,Moderately,Sometimes,2,No,1,1,User-friendly website/app interface,Shipping speed and reliability,<18,3,3,Groceries and Gourmet Food
2023-06-08 17:09:31-05:30,43,Male,Less than once a month,Groceries and Gourmet Food;Home and Kitchen,No,Rarely,Keyword,Multiple pages,3,Maybe,Sometimes,Found a better price elsewhere,Sometimes,No,Occasionally,Sometimes,1,Sometimes,3,2,Wide product selection,Customer service responsiveness,36-45,1,1,Groceries and Gourmet Food
2023-06-08 17:11:27-05:30,25,Prefer not to say,Once a week,Clothing and Fashion;Home and Kitchen;others,No,Few times a month,categories,Multiple pages,3,Maybe,Sometimes,Changed my mind or no longer need the item,Often,No,Occasionally,No,4,No,2,3,Competitive prices,Reducing packaging waste,18-25,4,2,Clothing and Fashion
2023-06-08 17:13:33-05:30,22,Female,Once a month,Beauty and Personal Care;Clothing and Fashion;others,Sometimes,Multiple times a day,Keyword,Multiple pages,1,Maybe,Sometimes,Found a better price elsewhere,Sometimes,Yes,Moderately,Yes,1,Sometimes,2,1,Competitive prices,Product quality and accuracy,18-25,2,4,Beauty and Personal Care
2023-06-08 17:14:30-05:30,17,Prefer not to say,Once a month,Clothing and Fashion;others,Sometimes,Few times a month,categories,First page,3,No,Often,Changed my mind or no longer need the item,Often,No,Moderately,Sometimes,4,Sometimes,4,4,Wide product selection,Customer service responsiveness,<18,2,2,Clothing and Fashion
2023-06-08 17:15:27-05:30,34,Male,Less than once a month,Groceries and Gourmet Food;Beauty and Personal Care;Clothing and Fashion;Home and Kitchen;others,Sometimes,Multiple times a day,Keyword,Multiple pages,1,Yes,Often,Changed my mind or no longer need the item,Often,Yes,Heavily,Sometimes,1,Yes,1,1,Competitive prices,Customer service responsiveness,26-35,1,4,Groceries and Gourmet Food
2023-06-08 17:16:17-05:30,30,Prefer not to say,Few times a month,Beauty and Personal Care;Clothing and Fashion;Home and Kitchen;others,Sometimes,Few times a month,others,First page,4,Maybe,Sometimes,High shipping costs,Often,No,Moderately,Sometimes,2,Sometimes,4,3,User-friendly website/app interface,Reducing packaging waste,26-35,3,2,Beauty and Personal Care
2023-06-08 17:17:10-05:30,31,Others,Once a month,Home and Kitchen,Sometimes,Few times a week,Filter,First page,3,No,Often,Changed my mind or no longer need the item,Sometimes,Yes,Occasionally,Sometimes,4,No,2,2,Wide product selection,Reducing packaging waste,26-35,2,3,Home and Kitchen
2023-06-08 17:19:23-05:30,31,Female,Few times a month,Clothing and Fashion;Home and Kitchen,Sometimes,Few times a week,categories,Multiple pages,3,No,Sometimes,Changed my mind or no longer need the item,Often,No,Moderately,No,2,No,2,2,Competitive prices,Shipping speed and reliability,26-35,3,3,Clothing and Fashion
2023-06-08 17:19:41-05:30,34,Prefer not to say,Multiple times a week,Beauty and Personal Care,Yes,Multiple times a day,Keyword,Multiple pages,1,Yes,Always,High shipping costs,Always,Yes,Heavily,Yes,5,Yes,5,5,Wide product selection,Product quality and accuracy,26-35,5,4,Beauty and Personal Care
2023-06-08 17:19:56-05:30,26,Female,Once a month,Clothing and Fashion,No,Few times a week,categories,Multiple pages,1,Yes,Always,High shipping costs,Often,Yes,Moderately,Yes,1,Yes,1,3,User-friendly website/app interface,Product quality and accuracy,26-35,2,3,Clothing and Fashion
2023-06-08 17:20:43-05:30,26,Male,Once a month,Groceries and Gourmet Food;Beauty and Personal Care;Clothing and Fashion;Home and Kitchen;others,Yes,Multiple times a day,Keyword,Multiple pages,1,Maybe,Sometimes,Found a better price elsewhere,Sometimes,Yes,Heavily,Yes,1,Sometimes,1,1,Product recommendations,Customer service responsiveness,26-35,2,4,Groceries and Gourmet Food
2023-06-08 17:20:57-05:30,24,Prefer not to say,Less than once a month,Clothing and Fashion;others,Sometimes,Rarely,others,First page,4,Maybe,Rarely,Changed my mind or no longer need the item,Rarely,No,Rarely,No,4,Sometimes,4,4,Product recommendations,Customer service responsiveness,18-25,1,1,Clothing and Fashion
2023-06-08 17:22:08-05:30,26,Female,Once a month,Beauty and Personal Care;Clothing and Fashion;Home and Kitchen;others,No,Few times a week,categories,Multiple pages,3,Maybe,Rarely,Changed my mind or no longer need the item,Rarely,No,Rarely,Sometimes,4,No,4,3,Competitive prices,Customer service responsiveness,26-35,2,3,Beauty and Personal Care
2023-06-08 17:23:05-05:30,29,Male,Less than once a month,Groceries and Gourmet Food;Beauty and Personal Care;Home and Kitchen,Sometimes,Few times a week,Keyword,Multiple pages,1,Yes,Sometimes,Changed my mind or no longer need the item,Rarely,No,Moderately,Sometimes,3,Sometimes,2,1,Product recommendations,Reducing packaging waste,26-35,1,3,Groceries and Gourmet Food
2023-06-08 17:23:08-05:30,37,Prefer not to say,Few times a month,Beauty and Personal Care;Clothing and Fashion,Yes,Multiple times a day,Filter,First page,2,Yes,Sometimes,Changed my mind or no longer need the item,Sometimes,No,Occasionally,Sometimes,3,No,3,2,User-friendly website/app interface,Product quality and accuracy,36-45,3,4,Beauty and Personal Care
2023-06-08 17:24:42-05:30,34,Others,Few times a month,Clothing and Fashion,Sometimes,Few times a week,Filter,First page,3,Maybe,Often,Changed my mind or no longer need the item,Often,No,Moderately,Yes,3,No,3,3,User-friendly website/app interface,Customer service responsiveness,26-35,3,3,Clothing and Fashion
2023-06-08 17:25:27-05:30,31,Female,Once a month,Groceries and Gourmet Food;Beauty and Personal Care;Clothing and Fashion;Home and Kitchen;others,Yes,Few times a week,Keyword,Multiple pages,1,Maybe,Often,Found a better price elsewhere,Often,No,Heavily,Yes,2,Sometimes,3,1,Competitive prices,Customer service responsiveness,26-35,2,3,Groceries and Gourmet Food
2023-06-08 17:25:40-05:30,27,Male,Multiple times a week,Beauty and Personal Care;Clothing and Fashion,No,Few times a month,categories,First page,3,Yes,Always,Changed my mind or no longer need the item,Often,No,Moderately,Yes,2,Yes,2,2,Product recommendations,Customer service responsiveness,26-35,5,2,Beauty and Personal Care
2023-06-08 17:27:22-05:30,23,Male,Once a month,Clothing and Fashion;Home and Kitchen;others,Sometimes,Few times a month,categories,First page,3,No,Sometimes,Found a better price elsewhere,Sometimes,No,Occasionally,No,2,Yes,1,2,Wide product selection,Product quality and accuracy,18-25,2,2,Clothing and Fashion
2023-06-08 17:28:09-05:30,21,Prefer not to say,Once a month,Beauty and Personal Care;Home and Kitchen;others,Sometimes,Few times a month,categories,First page,3,Maybe,Always,Found a better price elsewhere,Often,Yes,Heavily,Yes,2,No,2,2,Wide product selection,Customer service responsiveness,18-25,2,2,Beauty and Personal Care
2023-06-08 17:28:47-05:30,53,Male,Less than once a month,Groceries and Gourmet Food;Home and Kitchen,Yes,Few times a week,Keyword,Multiple pages,2,Yes,Often,Found a better price elsewhere,Often,No,Moderately,Sometimes,1,Sometimes,2,1,Wide product selection,Customer service responsiveness,45+,1,3,Groceries and Gourmet Food
2023-06-08 17:29:01-05:30,26,Prefer not to say,Once a month,Groceries and Gourmet Food;Beauty and Personal Care;Clothing and Fashion;others,No,Few times a week,Keyword,Multiple pages,2,Maybe,Often,Changed my mind or no longer need the item,Often,Yes,Occasionally,Yes,3,Sometimes,2,2,Competitive prices,Shipping speed and reliability,26-35,2,3,Groceries and Gourmet Food
2023-06-08 17:30:12-05:30,28,Prefer not to say,Few times a month,Beauty and Personal Care;Clothing and Fashion;Home and Kitchen,Sometimes,Few times a month,categories,First page,3,No,Sometimes,Changed my mind or no longer need the item,Often,No,Moderately,Sometimes,2,Yes,2,2,Competitive prices,Customer service responsiveness,26-35,3,2,Beauty and Personal Care
2023-06-08 17:30:34-05:30,47,Female,Once a month,Groceries and Gourmet Food;Beauty and Personal Care;Clothing and Fashion;Home and Kitchen;others,Yes,Multiple times a day,Keyword,Multiple pages,3,Maybe,Sometimes,Found a better price elsewhere,Sometimes,Yes,Occasionally,Sometimes,2,Sometimes,3,2,Competitive prices,Customer service responsiveness,45+,2,4,Groceries and Gourmet Food
2023-06-08 17:31:03-05:30,37,Prefer not to say,Once a week,Clothing and Fashion;Home and Kitchen;others,Yes,Multiple times a day,Keyword,Multiple pages,1,Yes,Always,Found a better price elsewhere,Often,Yes,Heavily,Yes,2,No,2,2,Competitive prices,Product quality and accuracy,36-45,4,4,Clothing and Fashion
2023-06-08 17:32:09-05:30,37,Prefer not to say,Once a week,Groceries and Gourmet Food;Beauty and Personal Care;others,Sometimes,Few times a week,Filter,Multiple pages,1,No,Often,Found a better price elsewhere,Often,Yes,Heavily,No,3,No,1,1,Product recommendations,Shipping speed and reliability,36-45,4,3,Groceries and Gourmet Food
2023-06-08 17:32:12-05:30,39,Male,Less than once a month,Groceries and Gourmet Food;Beauty and Personal Care;Clothing and Fashion;Home and Kitchen;others,Yes,Few times a week,Keyword,Multiple pages,3,Maybe,Sometimes,Found a better price elsewhere,Often,Yes,Rarely,Sometimes,5,Sometimes,3,2,Competitive prices,Shipping speed and reliability,36-45,1,3,Groceries and Gourmet Food
2023-06-08 17:33:01-05:30,40,Prefer not to say,Few times a month,Groceries and Gourmet Food;Clothing and Fashion,No,Few times a month,categories,First page,3,No,Often,Found a better price elsewhere,Sometimes,No,Moderately,Sometimes,2,No,2,3,Wide product selection,Customer service responsiveness,36-45,3,2,Groceries and Gourmet Food
2023-06-08 17:33:12-05:30,23,Female,Few times a month,Groceries and Gourmet Food;Beauty and Personal Care,Sometimes,Few times a month,Keyword,Multiple pages,1,Yes,Often,Found a better price elsewhere,Never,Yes,Moderately,Yes,2,No,2,1,User-friendly website/app interface,Shipping speed and reliability,18-25,3,2,Groceries and Gourmet Food
2023-06-08 17:34:27-05:30,25,Prefer not to say,Few times a month,Clothing and Fashion;Home and Kitchen;others,No,Few times a week,Keyword,Multiple pages,2,Maybe,Often,Found a better price elsewhere,Sometimes,Yes,Moderately,Yes,2,No,2,2,Product recommendations,Product quality and accuracy,18-25,3,3,Clothing and Fashion
2023-06-08 17:35:01-05:30,34,Female,Multiple times a week,Beauty and Personal Care;Clothing and Fashion,Yes,Multiple times a day,Keyword,Multiple pages,5,Yes,Always,Changed my mind or no longer need the item,Always,Yes,Rarely,Sometimes,5,Sometimes,4,1,Competitive prices,Customer service responsiveness,26-35,5,4,Beauty and Personal Care
2023-06-08 17:35:25-05:30,26,Female,Few times a month,Groceries and Gourmet Food;Clothing and Fashion;Home and Kitchen;others,No,Few times a week,Keyword,Multiple pages,2,Yes,Often,Changed my mind or no longer need the item,Sometimes,No,Occasionally,Sometimes,2,Sometimes,2,2,Competitive prices,Shipping speed and reliability,26-35,3,3,Groceries and Gourmet Food
2023-06-08 17:36:14-05:30,31,Prefer not to say,Once a week,Clothing and Fashion;Home and Kitchen;others,No,Multiple times a day,Keyword,First page,3,Maybe,Sometimes,Changed my mind or no longer need the item,Rarely,Yes,Moderately,No,4,No,2,3,Product recommendations,Customer service responsiveness,26-35,4,4,Clothing and Fashion
2023-06-08 17:37:13-05:30,26,Female,Few times a month,Clothing and Fashion;Home and Kitchen,Sometimes,Rarely,categories,Multiple pages,4,No,Rarely,Found a better price elsewhere,Sometimes,No,Occasionally,Sometimes,4,No,2,2,Wide product selection,Product quality and accuracy,26-35,3,1,Clothing and Fashion
2023-06-08 17:37:58-05:30,34,Female,Few times a month,Groceries and Gourmet Food;Beauty and Personal Care;Clothing and Fashion;Home and Kitchen;others,Sometimes,Few times a month,categories,Multiple pages,3,Maybe,Sometimes,Changed my mind or no longer need the item,Often,Yes,Occasionally,No,2,Sometimes,3,3,Product recommendations,Customer service responsiveness,26-35,3,2,Groceries and Gourmet Food
2023-06-08 17:38:01-05:30,18,Female,Few times a month,Beauty and Personal Care;Clothing and Fashion,Yes,Multiple times a day,Keyword,Multiple pages,3,Maybe,Often,Found a better price elsewhere,Sometimes,No,Occasionally,Sometimes,3,Sometimes,3,1,Wide product selection,Customer service responsiveness,<18,3,4,Beauty and Personal Care
2023-06-08 17:38:57-05:30,40,Male,Few times a month,Groceries and Gourmet Food;Beauty and Personal Care;Clothing and Fashion,Sometimes,Few times a month,others,Multiple pages,3,No,Often,High shipping costs,Often,No,Moderately,Sometimes,2,Yes,2,2,Product recommendations,Customer service responsiveness,36-45,3,2,Groceries and Gourmet Food
2023-06-08 17:39:54-05:30,42,Female,Few times a month,Clothing and Fashion;Home and Kitchen;others,No,Few times a week,Keyword,First page,3,Maybe,Often,Changed my mind or no longer need the item,Rarely,No,Occasionally,No,3,Sometimes,4,2,Product recommendations,Customer service responsiveness,36-45,3,3,Clothing and Fashion
2023-06-08 17:39:57-05:30,35,Prefer not to say,Once a month,Groceries and Gourmet Food;Beauty and Personal Care;Clothing and Fashion;Home and Kitchen;others,Sometimes,Multiple times a day,Keyword,Multiple pages,1,Maybe,Sometimes,Changed my mind or no longer need the item,Sometimes,Yes,Moderately,Sometimes,1,Sometimes,2,1,Competitive prices,Customer service responsiveness,26-35,2,4,Groceries and Gourmet Food
2023-06-08 17:40:49-05:30,37,Male,Once a month,Clothing and Fashion;Home and Kitchen;others,No,Few times a week,Filter,First page,3,Yes,Often,Found a better price elsewhere,Sometimes,No,Occasionally,No,2,Sometimes,2,2,Wide product selection,Customer service responsiveness,36-45,2,3,Clothing and Fashion
2023-06-08 17:41:46-05:30,46,Male,Less than once a month,Home and Kitchen;others,Sometimes,Rarely,others,First page,4,Maybe,Never,others,Rarely,No,Rarely,Sometimes,4,Sometimes,4,4,Product recommendations,Product quality and accuracy,45+,1,1,Home and Kitchen
2023-06-08 17:42:23-05:30,24,Prefer not to say,Few times a month,Beauty and Personal Care;Clothing and Fashion,Sometimes,Few times a week,Keyword,Multiple pages,5,Maybe,Often,Found a better price elsewhere,Sometimes,No,Rarely,Sometimes,5,Sometimes,4,2,Competitive prices,I don't have any problem with Amazon,18-25,3,3,Beauty and Personal Care
2023-06-08 17:42:27-05:30,35,Prefer not to say,Once a month,Groceries and Gourmet Food;Beauty and Personal Care,No,Few times a week,Filter,Multiple pages,3,No,Sometimes,Found a better price elsewhere,Often,Yes,Moderately,No,2,No,3,2,Competitive prices,Product quality and accuracy,26-35,2,3,Groceries and Gourmet Food
2023-06-08 17:43:45-05:30,46,Female,Once a month,Groceries and Gourmet Food;Beauty and Personal Care;Clothing and Fashion;Home and Kitchen,Sometimes,Few times a week,Filter,First page,2,Maybe,Sometimes,Found a better price elsewhere,Often,No,Moderately,Sometimes,2,No,2,2,Competitive prices,Shipping speed and reliability,45+,2,3,Groceries and Gourmet Food
2023-06-08 17:44:57-05:30,32,Others,Once a month,Groceries and Gourmet Food;Beauty and Personal Care;Clothing and Fashion;Home and Kitchen;others,Yes,Multiple times a day,Keyword,Multiple pages,2,Maybe,Sometimes,Found a better price elsewhere,Sometimes,No,Moderately,Sometimes,2,Sometimes,2,1,Product recommendations,Customer service responsiveness,26-35,2,4,Groceries and Gourmet Food
2023-06-08 17:45:08-05:30,35,Female,Few times a month,Beauty and Personal Care;Clothing and Fashion;Home and Kitchen,Sometimes,Multiple times a day,Keyword,Multiple pages,2,No,Sometimes,High shipping costs,Often,No,Moderately,Sometimes,2,No,2,2,Product recommendations,Customer service responsiveness,26-35,3,4,Beauty and Personal Care
2023-06-08 17:45:59-05:30,36,Female,Few times a month,Beauty and Personal Care;Clothing and Fashion;Home and Kitchen,Yes,Few times a week,Filter,Multiple pages,2,No,Sometimes,Changed my mind or no longer need the item,Sometimes,No,Moderately,No,2,Sometimes,2,1,Wide product selection,Reducing packaging waste,36-45,3,3,Beauty and Personal Care
2023-06-08 17:46:49-05:30,15,Female,Multiple times a week,Beauty and Personal Care;Clothing and Fashion;Home and Kitchen,No,Multiple times a day,Keyword,Multiple pages,3,No,Often,High shipping costs,Often,No,Moderately,No,1,Yes,2,2,Wide product selection,Product quality and accuracy,<18,5,4,Beauty and Personal Care
2023-06-08 17:47:32-05:30,43,Prefer not to say,Less than once a month,Groceries and Gourmet Food;Home and Kitchen;others,Sometimes,Rarely,Keyword,Multiple pages,1,Maybe,Sometimes,Found a better price elsewhere,Sometimes,No,Heavily,Yes,1,Sometimes,3,1,Competitive prices,No problems with Amazon,36-45,1,1,Groceries and Gourmet Food
2023-06-08 17:48:14-05:30,20,Prefer not to say,Multiple times a week,Beauty and Personal Care;Clothing and Fashion;Home and Kitchen;others,Sometimes,Multiple times a day,categories,First page,3,Yes,Often,Found a better price elsewhere,Often,Yes,Moderately,No,4,No,2,2,Product recommendations,Product quality and accuracy,18-25,5,4,Beauty and Personal Care
2023-06-08 17:48:55-05:30,34,Female,Multiple times a week,Beauty and Personal Care;Clothing and Fashion;Home and Kitchen,Sometimes,Multiple times a day,categories,Multiple pages,2,Maybe,Sometimes,Changed my mind or no longer need the item,Sometimes,No,Moderately,Sometimes,2,No,1,1,User-friendly website/app interface,Product quality and accuracy,26-35,5,4,Beauty and Personal Care
2023-06-08 17:49:56-05:30,34,Male,Less than once a month,Groceries and Gourmet Food;Beauty and Personal Care;Clothing and Fashion;Home and Kitchen;others,Yes,Few times a month,Keyword,Multiple pages,3,Maybe,Sometimes,Found a better price elsewhere,Often,No,Occasionally,Sometimes,1,Sometimes,3,1,Competitive prices,Customer service responsiveness,26-35,1,2,Groceries and Gourmet Food
2023-06-08 17:52:26-05:30,25,Female,Few times a month,Clothing and Fashion;Home and Kitchen;others,Yes,Few times a week,Filter,Multiple pages,3,Yes,Often,Found a better price elsewhere,Sometimes,No,Occasionally,No,2,No,4,3,Product recommendations,Shipping speed and reliability,18-25,3,3,Clothing and Fashion
2023-06-08 17:52:44-05:30,21,Prefer not to say,Once a month,Beauty and Personal Care;Clothing and Fashion,Sometimes,Multiple times a day,Keyword,Multiple pages,1,Maybe,Sometimes,Found a better price elsewhere,Sometimes,No,Heavily,Yes,3,Sometimes,1,1,Competitive prices,Customer service responsiveness,18-25,2,4,Beauty and Personal Care
2023-06-08 17:53:11-05:30,24,Prefer not to say,Once a month,Clothing and Fashion;Home and Kitchen,No,Few times a month,categories,Multiple pages,2,No,Often,Found a better price elsewhere,Sometimes,No,Occasionally,No,3,No,1,1,Competitive prices,Customer service responsiveness,18-25,2,2,Clothing and Fashion
2023-06-08 17:54:05-05:30,36,Female,Few times a month,Groceries and Gourmet Food;Beauty and Personal Care;Clothing and Fashion,Yes,Few times a month,categories,First page,3,No,Sometimes,Changed my mind or no longer need the item,Often,Yes,Rarely,Sometimes,2,Yes,2,1,Product recommendations,Customer service responsiveness,36-45,3,2,Groceries and Gourmet Food
2023-06-08 17:54:49-05:30,46,Male,Few times a month,Clothing and Fashion;Home and Kitchen,No,Few times a month,Filter,Multiple pages,3,No,Sometimes,Changed my mind or no longer need the item,Sometimes,Yes,Moderately,Yes,1,Sometimes,3,2,Product recommendations,Reducing packaging waste,45+,3,2,Clothing and Fashion
2023-06-08 17:55:15-05:30,27,Male,Once a month,Beauty and Personal Care;Clothing and Fashion;Home and Kitchen,Sometimes,Few times a month,Keyword,Multiple pages,1,Yes,Often,Found a better price elsewhere,Often,Yes,Heavily,Yes,1,No,5,1,Competitive prices,Customer service responsiveness,26-35,2,2,Beauty and Personal Care
2023-06-08 17:55:54-05:30,25,Male,Few times a month,Clothing and Fashion;Home and Kitchen,No,Few times a month,Filter,First page,2,No,Often,Found a better price elsewhere,Sometimes,No,Moderately,Sometimes,2,Sometimes,3,1,Wide product selection,Product quality and accuracy,18-25,3,2,Clothing and Fashion
2023-06-08 17:57:03-05:30,43,Male,Once a week,Beauty and Personal Care;Clothing and Fashion;Home and Kitchen,Sometimes,Few times a week,Keyword,Multiple pages,1,Yes,Always,Found a better price elsewhere,Sometimes,No,Occasionally,No,2,Sometimes,5,2,Wide product selection,Customer service responsiveness,36-45,4,3,Beauty and Personal Care
2023-06-08 17:57:34-05:30,32,Prefer not to say,Multiple times a week,Beauty and Personal Care;Clothing and Fashion,Sometimes,Few times a week,Keyword,Multiple pages,1,Maybe,Often,Found a better price elsewhere,Sometimes,No,Heavily,Sometimes,1,Yes,2,1,Competitive prices,Customer service responsiveness,26-35,5,3,Beauty and Personal Care
2023-06-08 17:58:03-05:30,18,Male,Once a week,Clothing and Fashion;Home and Kitchen,Sometimes,Few times a week,categories,Multiple pages,2,No,Often,others,Often,No,Moderately,Sometimes,3,Sometimes,3,3,Product recommendations,Reducing packaging waste,<18,4,3,Clothing and Fashion
2023-06-08 17:58:43-05:30,45,Female,Multiple times a week,Beauty and Personal Care;Clothing and Fashion;Home and Kitchen,No,Few times a month,categories,First page,3,Maybe,Never,High shipping costs,Sometimes,No,Occasionally,No,3,No,2,3,Product recommendations,Reducing packaging waste,36-45,5,2,Beauty and Personal Care
2023-06-08 17:59:20-05:30,25,Prefer not to say,Once a month,Beauty and Personal Care;Clothing and Fashion;others,Yes,Few times a week,Keyword,Multiple pages,1,Yes,Often,Found a better price elsewhere,Often,No,Heavily,Yes,1,Yes,2,1,Product recommendations,Reducing packaging waste,18-25,2,3,Beauty and Personal Care
2023-06-08 17:59:25-05:30,45,Male,Less than once a month,Clothing and Fashion;Home and Kitchen,Sometimes,Few times a month,Filter,Multiple pages,2,No,Sometimes,Changed my mind or no longer need the item,Sometimes,No,Occasionally,Sometimes,2,No,2,3,Product recommendations,Customer service responsiveness,36-45,1,2,Clothing and Fashion
2023-06-08 18:00:06-05:30,32,Female,Once a week,Groceries and Gourmet Food;Beauty and Personal Care;Clothing and Fashion;Home and Kitchen;others,Sometimes,Few times a week,Filter,Multiple pages,2,Maybe,Often,Found a better price elsewhere,Sometimes,Yes,Occasionally,No,2,No,3,2,Product recommendations,Customer service responsiveness,26-35,4,3,Groceries and Gourmet Food
2023-06-08 18:00:20-05:30,42,Female,Once a month,Groceries and Gourmet Food;Beauty and Personal Care;Clothing and Fashion;Home and Kitchen;others,Sometimes,Few times a month,Keyword,Multiple pages,1,Maybe,Always,High shipping costs,Often,Yes,Moderately,Yes,1,No,2,2,Wide product selection,Customer service responsiveness,36-45,2,2,Groceries and Gourmet Food
2023-06-08 18:00:50-05:30,35,Female,Multiple times a week,Clothing and Fashion;Home and Kitchen,No,Few times a month,categories,First page,4,Maybe,Sometimes,Changed my mind or no longer need the item,Often,No,Occasionally,Sometimes,3,No,3,4,Product recommendations,Customer service responsiveness,26-35,5,2,Clothing and Fashion
2023-06-08 18:01:31-05:30,35,Female,Few times a month,Groceries and Gourmet Food;Clothing and Fashion;Home and Kitchen;others,No,Few times a month,others,First page,4,Maybe,Often,Found a better price elsewhere,Sometimes,Yes,Occasionally,Sometimes,4,Sometimes,4,3,Competitive prices,Customer service responsiveness,26-35,3,2,Groceries and Gourmet Food
2023-06-08 18:01:33-05:30,52,Male,Multiple times a week,Groceries and Gourmet Food;Beauty and Personal Care;others,Yes,Few times a week,Keyword,Multiple pages,2,Maybe,Always,Found a better price elsewhere,Always,Yes,Moderately,Sometimes,3,Sometimes,1,1,User-friendly website/app interface,Shipping speed and reliability,45+,5,3,Groceries and Gourmet Food
2023-06-08 18:39:59-05:30,24,Female,Less than once a month,Home and Kitchen,No,Rarely,categories,Multiple pages,1,Yes,Sometimes,Found a better price elsewhere,Rarely,Yes,Heavily,Yes,4,Yes,1,3,Competitive prices,Product quality and accuracy,18-25,1,1,Home and Kitchen
2023-06-08 19:46:31-05:30,28,Female,Once a week,Beauty and Personal Care;Clothing and Fashion;Home and Kitchen,No,Few times a week,Keyword,First page,2,Yes,Often,Found a better price elsewhere,Sometimes,No,Moderately,Yes,2,No,3,2,Wide product selection,Product quality and accuracy,26-35,4,3,Beauty and Personal Care
2023-06-08 19:50:55-05:30,33,Female,Multiple times a week,Beauty and Personal Care;Clothing and Fashion;Home and Kitchen,No,Multiple times a day,Keyword,Multiple pages,2,Yes,Often,Found a better price elsewhere,Sometimes,No,Moderately,Yes,2,Yes,2,2,User-friendly website/app interface,Product quality and accuracy,26-35,5,4,Beauty and Personal Care
2023-06-08 20:26:58-05:30,23,Female,Less than once a month,Beauty and Personal Care;Clothing and Fashion;Home and Kitchen,Sometimes,Rarely,Keyword,Multiple pages,3,Maybe,Rarely,Changed my mind or no longer need the item,Never,Yes,Moderately,Sometimes,4,Sometimes,5,5,Wide product selection,Product quality and accuracy,18-25,1,1,Beauty and Personal Care
2023-06-08 21:17:38-05:30,21,Female,Less than once a month,Beauty and Personal Care;Clothing and Fashion,Yes,Few times a month,Keyword,Multiple pages,2,Yes,Sometimes,Changed my mind or no longer need the item,Rarely,No,Moderately,Yes,1,Yes,2,2,User-friendly website/app interface,Product quality and accuracy,18-25,1,2,Beauty and Personal Care
2023-06-08 21:39:30-05:30,34,Female,Few times a month,Home and Kitchen,No,Few times a month,categories,First page,3,No,Always,Found a better price elsewhere,Sometimes,No,Occasionally,No,1,No,3,3,Product recommendations,Reducing packaging waste,26-35,3,2,Home and Kitchen
2023-06-08 21:39:55-05:30,23,Prefer not to say,Once a month,Clothing and Fashion,No,Few times a month,Filter,Multiple pages,2,No,Sometimes,Found a better price elsewhere,Sometimes,No,Occasionally,No,3,Sometimes,2,2,Competitive prices,Customer service responsiveness,18-25,2,2,Clothing and Fashion
2023-06-08 21:40:24-05:30,34,Prefer not to say,Few times a month,Beauty and Personal Care,Sometimes,Rarely,others,Multiple pages,3,No,Sometimes,Found a better price elsewhere,Sometimes,Yes,Occasionally,No,2,Sometimes,2,5,User-friendly website/app interface,Shipping speed and reliability,26-35,3,1,Beauty and Personal Care
2023-06-08 21:40:50-05:30,34,Female,Once a week,Home and Kitchen,No,Few times a week,Filter,Multiple pages,3,No,Sometimes,Changed my mind or no longer need the item,Sometimes,No,Moderately,Yes,2,Sometimes,2,2,Competitive prices,Reducing packaging waste,26-35,4,3,Home and Kitchen
2023-06-08 22:13:41-05:30,25,Female,Less than once a month,others,Sometimes,Rarely,categories,First page,3,Maybe,Rarely,Found a better price elsewhere,Never,No,Never,Sometimes,3,Sometimes,3,3,Product recommendations,Shipping speed and reliability,18-25,1,1,others
2023-06-08 22:21:20-05:30,32,Male,Less than once a month,others,Sometimes,Rarely,categories,First page,1,No,Always,Changed my mind or no longer need the item,Never,No,Moderately,Yes,2,Sometimes,2,2,Wide product selection,Customer service responsiveness,26-35,1,1,others
2023-06-08 22:24:19-05:30,24,Female,Few times a month,Home and Kitchen,Yes,Few times a week,Keyword,First page,1,Yes,Often,others,Sometimes,Yes,Heavily,Yes,2,Yes,2,2,Wide product selection,Product quality and accuracy,18-25,3,3,Home and Kitchen
2023-06-08 22:38:16-05:30,34,Female,Few times a month,Clothing and Fashion,Sometimes,Few times a month,categories,Multiple pages,3,Maybe,Rarely,Changed my mind or no longer need the item,Rarely,No,Never,Sometimes,5,No,1,3,Product recommendations,Reducing packaging waste,26-35,3,2,Clothing and Fashion
2023-06-08 22:38:51-05:30,44,Male,Once a week,Beauty and Personal Care,Sometimes,Few times a week,categories,First page,3,Maybe,Sometimes,Changed my mind or no longer need the item,Sometimes,Yes,Occasionally,Sometimes,3,Sometimes,3,3,Product recommendations,Reducing packaging waste,36-45,4,3,Beauty and Personal Care
2023-06-08 22:39:27-05:30,23,Female,Once a week,Beauty and Personal Care;Clothing and Fashion;Home and Kitchen,Sometimes,Few times a week,Filter,Multiple pages,2,Maybe,Sometimes,Changed my mind or no longer need the item,Rarely,Yes,Moderately,Sometimes,2,No,2,1,Wide product selection,Customer service responsiveness,18-25,4,3,Beauty and Personal Care
2023-06-08 22:39:59-05:30,23,Female,Few times a month,Clothing and Fashion,Sometimes,Rarely,categories,First page,3,No,Sometimes,Found a better price elsewhere,Often,Yes,Moderately,No,3,No,4,2,Product recommendations,Customer service responsiveness,18-25,3,1,Clothing and Fashion
2023-06-08 22:40:33-05:30,34,Female,Once a week,Beauty and Personal Care,Sometimes,Few times a month,Keyword,Multiple pages,4,Maybe,Often,Found a better price elsewhere,Sometimes,Yes,Occasionally,Sometimes,3,No,2,2,Product recommendations,Reducing packaging waste,26-35,4,2,Beauty and Personal Care
2023-06-08 22:41:11-05:30,23,Female,Once a week,Beauty and Personal Care;Clothing and Fashion,Yes,Multiple times a day,Filter,First page,3,No,Often,Found a better price elsewhere,Often,Yes,Occasionally,No,3,Yes,1,4,Competitive prices,Reducing packaging waste,18-25,4,4,Beauty and Personal Care
2023-06-09 03:47:38-05:30,36,Female,Once a month,Home and Kitchen,No,Few times a week,categories,Multiple pages,3,Yes,Sometimes,Found a better price elsewhere,Sometimes,No,Occasionally,Yes,3,Yes,3,2,User-friendly website/app interface,Product quality and accuracy,36-45,2,3,Home and Kitchen
2023-06-09 08:10:05-05:30,24,Female,Few times a month,Groceries and Gourmet Food;Beauty and Personal Care;Clothing and Fashion;Home and Kitchen;others,Sometimes,Multiple times a day,Keyword,Multiple pages,2,Yes,Sometimes,Changed my mind or no longer need the item,Often,Yes,Occasionally,No,3,No,3,3,Competitive prices,Customer service responsiveness,18-25,3,4,Groceries and Gourmet Food
2023-06-09 09:31:57-05:30,21,Female,Once a week,Beauty and Personal Care;Clothing and Fashion;others,No,Few times a week,Filter,Multiple pages,4,Yes,Often,High shipping costs,Always,Yes,Heavily,Yes,3,Yes,3,3,Product recommendations,Reducing packaging waste,18-25,4,3,Beauty and Personal Care
2023-06-09 09:32:44-05:30,21,Female,Few times a month,Clothing and Fashion,Sometimes,Few times a week,categories,Multiple pages,3,Yes,Often,Found a better price elsewhere,Sometimes,Yes,Moderately,Yes,2,Yes,2,2,Competitive prices,Customer service responsiveness,18-25,3,3,Clothing and Fashion
2023-06-09 09:33:35-05:30,45,Male,Once a month,Clothing and Fashion,Sometimes,Multiple times a day,Keyword,Multiple pages,3,Maybe,Always,Found a better price elsewhere,Often,Yes,Occasionally,Yes,2,No,3,2,Competitive prices,Product quality and accuracy,36-45,2,4,Clothing and Fashion
2023-06-09 09:34:07-05:30,21,Female,Once a week,Beauty and Personal Care,Sometimes,Few times a month,Filter,Multiple pages,2,Maybe,Often,Found a better price elsewhere,Often,No,Occasionally,No,2,Sometimes,2,2,Competitive prices,Customer service responsiveness,18-25,4,2,Beauty and Personal Care
2023-06-09 09:34:44-05:30,23,Female,Once a week,Clothing and Fashion,Yes,Few times a week,categories,First page,3,Maybe,Often,Found a better price elsewhere,Sometimes,Yes,Moderately,Yes,2,Sometimes,2,2,Product recommendations,Reducing packaging waste,18-25,4,3,Clothing and Fashion
2023-06-09 09:35:19-05:30,21,Female,Once a week,Groceries and Gourmet Food;Beauty and Personal Care;Home and Kitchen,Yes,Few times a month,Keyword,First page,2,No,Sometimes,Changed my mind or no longer need the item,Rarely,Yes,Moderately,Yes,3,Sometimes,1,1,Product recommendations,Reducing packaging waste,18-25,4,2,Groceries and Gourmet Food
2023-06-09 09:35:57-05:30,34,Female,Once a month,Clothing and Fashion,Sometimes,Few times a week,categories,Multiple pages,2,Maybe,Often,Changed my mind or no longer need the item,Sometimes,Yes,Moderately,Sometimes,2,No,3,3,Product recommendations,Reducing packaging waste,26-35,2,3,Clothing and Fashion
2023-06-09 09:37:15-05:30,21,Female,Few times a month,Beauty and Personal Care,Sometimes,Few times a month,categories,Multiple pages,3,Maybe,Sometimes,Changed my mind or no longer need the item,Rarely,Yes,Rarely,Sometimes,2,Sometimes,3,3,Product recommendations,Reducing packaging waste,18-25,3,2,Beauty and Personal Care
2023-06-09 09:37:44-05:30,23,Female,Once a week,Clothing and Fashion,Sometimes,Few times a month,Filter,Multiple pages,3,Maybe,Sometimes,Changed my mind or no longer need the item,Sometimes,No,Occasionally,Sometimes,2,No,4,3,Product recommendations,Customer service responsiveness,18-25,4,2,Clothing and Fashion
2023-06-09 09:38:31-05:30,21,Female,Once a week,Groceries and Gourmet Food;Clothing and Fashion;others,Sometimes,Few times a month,categories,Multiple pages,3,Maybe,Sometimes,Found a better price elsewhere,Sometimes,No,Moderately,Sometimes,3,Sometimes,3,4,Product recommendations,Reducing packaging waste,18-25,4,2,Groceries and Gourmet Food
2023-06-09 09:39:04-05:30,32,Female,Once a month,others,Sometimes,Few times a month,others,First page,2,No,Rarely,others,Rarely,Yes,Moderately,No,3,No,3,3,Product recommendations,Customer service responsiveness,26-35,2,2,others
2023-06-09 10:22:03-05:30,35,Prefer not to say,Once a week,Groceries and Gourmet Food,No,Few times a week,Filter,Multiple pages,2,Maybe,Sometimes,Changed my mind or no longer need the item,Sometimes,No,Occasionally,Sometimes,4,Sometimes,3,2,Competitive prices,Customer service responsiveness,26-35,4,3,Groceries and Gourmet Food
2023-06-09 10:22:35-05:30,37,Male,Once a month,Groceries and Gourmet Food;Beauty and Personal Care;Home and Kitchen,Yes,Few times a week,Filter,Multiple pages,2,Maybe,Rarely,Changed my mind or no longer need the item,Sometimes,No,Rarely,Sometimes,2,Sometimes,2,1,Product recommendations,Reducing packaging waste,36-45,2,3,Groceries and Gourmet Food
2023-06-09 10:23:05-05:30,23,Female,Once a week,Clothing and Fashion,No,Few times a month,categories,Multiple pages,2,Yes,Often,Found a better price elsewhere,Often,No,Occasionally,Yes,1,Sometimes,4,2,Product recommendations,Reducing packaging waste,18-25,4,2,Clothing and Fashion
2023-06-09 10:23:45-05:30,33,Others,Few times a month,Clothing and Fashion,Sometimes,Few times a month,others,First page,3,Maybe,Sometimes,Changed my mind or no longer need the item,Sometimes,No,Occasionally,Sometimes,3,Sometimes,3,2,Competitive prices,Customer service responsiveness,26-35,3,2,Clothing and Fashion
2023-06-09 10:24:58-05:30,35,Female,Few times a month,Clothing and Fashion;Home and Kitchen,Sometimes,Few times a month,categories,Multiple pages,4,Maybe,Rarely,Found a better price elsewhere,Sometimes,Yes,Occasionally,Sometimes,2,Sometimes,3,2,Product recommendations,Reducing packaging waste,26-35,3,2,Clothing and Fashion
2023-06-09 10:25:27-05:30,44,Female,Once a week,Clothing and Fashion,Sometimes,Few times a week,categories,Multiple pages,3,Maybe,Rarely,Changed my mind or no longer need the item,Sometimes,Yes,Occasionally,Sometimes,3,Sometimes,4,4,Product recommendations,Reducing packaging waste,36-45,4,3,Clothing and Fashion
2023-06-09 10:26:01-05:30,34,Male,Once a week,Clothing and Fashion,Sometimes,Few times a month,categories,Multiple pages,4,Maybe,Often,others,Often,No,Moderately,Sometimes,2,Sometimes,3,2,Competitive prices,Reducing packaging waste,26-35,4,2,Clothing and Fashion
2023-06-09 10:26:26-05:30,34,Prefer not to say,Once a month,Clothing and Fashion,No,Few times a month,categories,Multiple pages,2,No,Sometimes,Found a better price elsewhere,Often,Yes,Occasionally,No,2,Sometimes,3,3,Competitive prices,Customer service responsiveness,26-35,2,2,Clothing and Fashion
2023-06-09 10:26:51-05:30,34,Female,Few times a month,others,No,Few times a month,categories,First page,2,Maybe,Sometimes,Changed my mind or no longer need the item,Often,No,Occasionally,No,1,No,3,1,Competitive prices,Customer service responsiveness,26-35,3,2,others
2023-06-09 10:28:23-05:30,34,Female,Few times a month,Clothing and Fashion,No,Few times a week,Filter,Multiple pages,3,Maybe,Sometimes,Changed my mind or no longer need the item,Rarely,Yes,Rarely,Sometimes,2,Sometimes,2,1,Competitive prices,Reducing packaging waste,26-35,3,3,Clothing and Fashion
2023-06-09 10:28:57-05:30,3,Prefer not to say,Once a month,Home and Kitchen,No,Few times a week,categories,First page,3,No,Sometimes,Found a better price elsewhere,Often,Yes,Occasionally,Sometimes,3,Sometimes,3,2,Competitive prices,Customer service responsiveness,<18,2,3,Home and Kitchen
2023-06-09 10:30:39-05:30,23,Female,Multiple times a week,Beauty and Personal Care,No,Few times a week,categories,Multiple pages,3,Maybe,Sometimes,Changed my mind or no longer need the item,Sometimes,Yes,Occasionally,Sometimes,3,Sometimes,3,2,Competitive prices,Product quality and accuracy,18-25,5,3,Beauty and Personal Care
2023-06-09 10:31:15-05:30,33,Female,Few times a month,Clothing and Fashion,Yes,Multiple times a day,categories,Multiple pages,4,Maybe,Sometimes,Changed my mind or no longer need the item,Sometimes,Yes,Occasionally,Sometimes,3,Sometimes,3,1,Wide product selection,Customer service responsiveness,26-35,3,4,Clothing and Fashion
2023-06-09 10:58:13-05:30,23,Female,Few times a month,Clothing and Fashion,Sometimes,Rarely,others,First page,3,Maybe,Rarely,others,Never,No,Rarely,Sometimes,3,No,3,3,Competitive prices,Reducing packaging waste,18-25,3,1,Clothing and Fashion
2023-06-09 10:58:44-05:30,34,Female,Few times a month,Groceries and Gourmet Food;Home and Kitchen,Sometimes,Few times a month,Filter,Multiple pages,3,Maybe,Rarely,Changed my mind or no longer need the item,Sometimes,Yes,Moderately,Yes,1,Sometimes,3,2,Competitive prices,Reducing packaging waste,26-35,3,2,Groceries and Gourmet Food
2023-06-09 10:59:38-05:30,23,Female,Few times a month,Beauty and Personal Care;Home and Kitchen,Sometimes,Few times a month,Filter,Multiple pages,2,Maybe,Sometimes,Changed my mind or no longer need the item,Sometimes,No,Occasionally,Yes,3,Sometimes,3,4,Product recommendations,Reducing packaging waste,18-25,3,2,Beauty and Personal Care
2023-06-09 12:22:47-05:30,34,Prefer not to say,Once a week,Clothing and Fashion,Sometimes,Few times a month,categories,First page,3,Maybe,Sometimes,Changed my mind or no longer need the item,Sometimes,No,Occasionally,Sometimes,2,Sometimes,2,3,Product recommendations,Customer service responsiveness,26-35,4,2,Clothing and Fashion
2023-06-09 14:22:25-05:30,23,Female,Few times a month,Clothing and Fashion,Yes,Multiple times a day,Keyword,Multiple pages,3,Maybe,Sometimes,Changed my mind or no longer need the item,Often,Yes,Heavily,Sometimes,3,Sometimes,3,3,Product recommendations,Reducing packaging waste,18-25,3,4,Clothing and Fashion
2023-06-09 14:23:03-05:30,23,Female,Once a week,Beauty and Personal Care,Sometimes,Few times a month,categories,Multiple pages,2,Maybe,Sometimes,Changed my mind or no longer need the item,Sometimes,No,Occasionally,Sometimes,2,Sometimes,4,3,Product recommendations,Reducing packaging waste,18-25,4,2,Beauty and Personal Care
2023-06-09 14:23:45-05:30,23,Female,Once a week,Beauty and Personal Care;Home and Kitchen,Sometimes,Few times a week,categories,First page,1,Maybe,Sometimes,Found a better price elsewhere,Always,Yes,Moderately,Sometimes,3,Sometimes,4,1,Product recommendations,Reducing packaging waste,18-25,4,3,Beauty and Personal Care
2023-06-09 14:34:43-05:30,23,Prefer not to say,Once a month,Groceries and Gourmet Food;Clothing and Fashion;Home and Kitchen,Sometimes,Few times a month,categories,First page,3,Maybe,Sometimes,Changed my mind or no longer need the item,Sometimes,Yes,Moderately,Sometimes,2,Sometimes,2,2,Product recommendations,Reducing packaging waste,18-25,2,2,Groceries and Gourmet Food
2023-06-09 14:35:29-05:30,45,Female,Few times a month,Beauty and Personal Care;others,Sometimes,Few times a month,categories,First page,3,Maybe,Sometimes,Changed my mind or no longer need the item,Sometimes,Yes,Rarely,Sometimes,3,No,2,3,Product recommendations,Customer service responsiveness,36-45,3,2,Beauty and Personal Care
2023-06-09 14:36:09-05:30,23,Female,Less than once a month,Clothing and Fashion,No,Multiple times a day,Filter,Multiple pages,2,Yes,Often,Changed my mind or no longer need the item,Sometimes,Yes,Moderately,Sometimes,2,Sometimes,2,1,Competitive prices,Reducing packaging waste,18-25,1,4,Clothing and Fashion
2023-06-09 14:36:46-05:30,34,Prefer not to say,Once a week,Beauty and Personal Care,Sometimes,Few times a month,categories,Multiple pages,2,Maybe,Sometimes,Found a better price elsewhere,Often,No,Occasionally,Sometimes,3,Sometimes,2,3,Product recommendations,Customer service responsiveness,26-35,4,2,Beauty and Personal Care
2023-06-09 14:39:16-05:30,45,Female,Once a month,Beauty and Personal Care;Home and Kitchen,Yes,Few times a week,categories,Multiple pages,3,Maybe,Sometimes,Changed my mind or no longer need the item,Sometimes,No,Occasionally,Sometimes,3,Sometimes,3,3,Product recommendations,Customer service responsiveness,36-45,2,3,Beauty and Personal Care
2023-06-09 14:39:47-05:30,34,Female,Once a week,Beauty and Personal Care,Sometimes,Few times a week,categories,Multiple pages,2,Maybe,Sometimes,Changed my mind or no longer need the item,Sometimes,Yes,Occasionally,Sometimes,3,Sometimes,3,2,Product recommendations,Customer service responsiveness,26-35,4,3,Beauty and Personal Care
2023-06-09 14:40:21-05:30,45,Female,Few times a month,Groceries and Gourmet Food;Clothing and Fashion,Sometimes,Few times a month,categories,Multiple pages,3,Maybe,Sometimes,Changed my mind or no longer need the item,Rarely,Yes,Moderately,Sometimes,3,Sometimes,2,1,Competitive prices,Reducing packaging waste,36-45,3,2,Groceries and Gourmet Food
2023-06-09 14:41:53-05:30,67,Female,Few times a month,Beauty and Personal Care,Sometimes,Few times a month,categories,Multiple pages,2,Maybe,Often,Changed my mind or no longer need the item,Sometimes,Yes,Moderately,Sometimes,1,Yes,3,3,Product recommendations,Customer service responsiveness,45+,3,2,Beauty and Personal Care
2023-06-09 14:42:24-05:30,34,Others,Once a week,Beauty and Personal Care,Sometimes,Rarely,categories,Multiple pages,2,Maybe,Often,Found a better price elsewhere,Often,Yes,Moderately,Sometimes,2,Yes,3,2,Competitive prices,Customer service responsiveness,26-35,4,1,Beauty and Personal Care
2023-06-09 14:42:57-05:30,21,Female,Few times a month,Beauty and Personal Care,Sometimes,Few times a week,Filter,First page,2,Maybe,Sometimes,Changed my mind or no longer need the item,Sometimes,Yes,Moderately,No,3,Sometimes,3,3,Product recommendations,Customer service responsiveness,18-25,3,3,Beauty and Personal Care
2023-06-09 14:43:37-05:30,17,Female,Few times a month,Clothing and Fashion,Sometimes,Few times a week,Filter,First page,3,Maybe,Sometimes,Changed my mind or no longer need the item,Sometimes,No,Moderately,Yes,3,Sometimes,3,2,Competitive prices,Customer service responsiveness,<18,3,3,Clothing and Fashion
2023-06-09 14:44:09-05:30,34,Female,Few times a month,Clothing and Fashion,Sometimes,Few times a week,Filter,Multiple pages,2,Maybe,Sometimes,Changed my mind or no longer need the item,Often,Yes,Occasionally,Sometimes,2,Sometimes,3,3,Competitive prices,Product quality and accuracy,26-35,3,3,Clothing and Fashion
2023-06-09 14:49:20-05:30,46,Prefer not to say,Few times a month,Clothing and Fashion,Sometimes,Few times a week,Filter,Multiple pages,3,Maybe,Rarely,Found a better price elsewhere,Sometimes,Yes,Occasionally,Sometimes,3,Sometimes,3,3,Competitive prices,Customer service responsiveness,45+,3,3,Clothing and Fashion
2023-06-09 14:51:07-05:30,54,Female,Few times a month,Clothing and Fashion,Sometimes,Few times a week,Filter,Multiple pages,3,Maybe,Sometimes,Found a better price elsewhere,Sometimes,Yes,Moderately,Sometimes,3,Sometimes,3,3,Product recommendations,Product quality and accuracy,45+,3,3,Clothing and Fashion
2023-06-09 15:00:03-05:30,56,Prefer not to say,Once a week,Clothing and Fashion,Sometimes,Few times a month,categories,Multiple pages,3,Maybe,Sometimes,Changed my mind or no longer need the item,Sometimes,Yes,Occasionally,Sometimes,3,Sometimes,3,3,Product recommendations,Customer service responsiveness,45+,4,2,Clothing and Fashion
2023-06-09 15:06:37-05:30,50,Prefer not to say,Few times a month,Groceries and Gourmet Food;Beauty and Personal Care;Clothing and Fashion;Home and Kitchen,Sometimes,Few times a week,categories,Multiple pages,3,Maybe,Sometimes,Found a better price elsewhere,Sometimes,Yes,Occasionally,Sometimes,3,Sometimes,3,4,Product recommendations,Shipping speed and reliability,45+,3,3,Groceries and Gourmet Food
2023-06-09 15:07:36-05:30,56,Prefer not to say,Few times a month,Beauty and Personal Care,Sometimes,Few times a month,categories,Multiple pages,3,Maybe,Sometimes,Changed my mind or no longer need the item,Rarely,Yes,Occasionally,Yes,4,Sometimes,3,3,Product recommendations,Reducing packaging waste,45+,3,2,Beauty and Personal Care
2023-06-09 15:08:38-05:30,22,Prefer not to say,Few times a month,Clothing and Fashion,Yes,Few times a week,Keyword,Multiple pages,3,Maybe,Sometimes,Found a better price elsewhere,Often,No,Occasionally,Sometimes,4,Sometimes,3,3,Competitive prices,Customer service responsiveness,18-25,3,3,Clothing and Fashion
2023-06-09 15:09:41-05:30,25,Prefer not to say,Few times a month,Clothing and Fashion,Sometimes,Few times a month,categories,Multiple pages,3,Maybe,Sometimes,Found a better price elsewhere,Sometimes,No,Moderately,Sometimes,3,Sometimes,3,3,Product recommendations,Customer service responsiveness,18-25,3,2,Clothing and Fashion
2023-06-09 15:10:36-05:30,23,Male,Few times a month,Beauty and Personal Care,Sometimes,Few times a month,categories,Multiple pages,3,Maybe,Sometimes,Changed my mind or no longer need the item,Sometimes,Yes,Occasionally,Sometimes,3,Sometimes,3,3,Competitive prices,Customer service responsiveness,18-25,3,2,Beauty and Personal Care
2023-06-09 15:16:30-05:30,23,Prefer not to say,Once a week,Clothing and Fashion,Sometimes,Few times a month,categories,Multiple pages,3,Maybe,Sometimes,Changed my mind or no longer need the item,Sometimes,Yes,Heavily,Sometimes,3,Sometimes,3,3,Product recommendations,Customer service responsiveness,18-25,4,2,Clothing and Fashion
2023-06-09 15:17:31-05:30,56,Female,Few times a month,Clothing and Fashion,Sometimes,Few times a week,Filter,Multiple pages,3,Maybe,Sometimes,Found a better price elsewhere,Sometimes,Yes,Occasionally,Sometimes,3,Sometimes,3,3,Product recommendations,Customer service responsiveness,45+,3,3,Clothing and Fashion
2023-06-09 15:18:25-05:30,56,Female,Multiple times a week,Beauty and Personal Care;Home and Kitchen,Sometimes,Few times a week,categories,Multiple pages,3,Maybe,Sometimes,Found a better price elsewhere,Sometimes,Yes,Moderately,Sometimes,3,Sometimes,3,3,Product recommendations,Customer service responsiveness,45+,5,3,Beauty and Personal Care
2023-06-09 15:19:53-05:30,23,Female,Few times a month,Beauty and Personal Care,Sometimes,Few times a month,categories,Multiple pages,3,Maybe,Sometimes,Found a better price elsewhere,Sometimes,Yes,Occasionally,Yes,3,Sometimes,3,3,Product recommendations,Reducing packaging waste,18-25,3,2,Beauty and Personal Care
2023-06-09 15:22:15-05:30,56,Female,Once a week,Beauty and Personal Care;Clothing and Fashion;others,Sometimes,Few times a week,categories,Multiple pages,3,Yes,Sometimes,Found a better price elsewhere,Sometimes,Yes,Moderately,No,4,Sometimes,3,3,Product recommendations,Reducing packaging waste,45+,4,3,Beauty and Personal Care
2023-06-09 15:23:38-05:30,23,Female,Few times a month,Beauty and Personal Care,Sometimes,Multiple times a day,categories,Multiple pages,3,Maybe,Sometimes,High shipping costs,Sometimes,Yes,Moderately,Sometimes,3,Sometimes,3,3,Product recommendations,Customer service responsiveness,18-25,3,4,Beauty and Personal Care
2023-06-09 15:24:36-05:30,45,Female,Few times a month,Home and Kitchen,Sometimes,Few times a week,categories,Multiple pages,3,Maybe,Sometimes,Found a better price elsewhere,Sometimes,Yes,Occasionally,Sometimes,3,Sometimes,3,3,Competitive prices,Customer service responsiveness,36-45,3,3,Home and Kitchen
2023-06-09 15:25:33-05:30,23,Female,Few times a month,Beauty and Personal Care,Sometimes,Few times a week,categories,Multiple pages,3,Maybe,Sometimes,Found a better price elsewhere,Sometimes,Yes,Moderately,Sometimes,3,Sometimes,4,3,Wide product selection,Customer service responsiveness,18-25,3,3,Beauty and Personal Care
2023-06-09 15:26:38-05:30,23,Female,Once a month,Beauty and Personal Care,Sometimes,Few times a month,categories,Multiple pages,3,Maybe,Sometimes,Found a better price elsewhere,Sometimes,Yes,Moderately,Yes,3,Sometimes,3,3,Product recommendations,Customer service responsiveness,18-25,2,2,Beauty and Personal Care
2023-06-09 16:28:30-05:30,34,Prefer not to say,Few times a month,Clothing and Fashion,Sometimes,Few times a month,categories,Multiple pages,3,Maybe,Rarely,Changed my mind or no longer need the item,Rarely,No,Rarely,Yes,2,Sometimes,1,3,Product recommendations,Customer service responsiveness,26-35,3,2,Clothing and Fashion
2023-06-09 16:28:58-05:30,34,Female,Few times a month,Clothing and Fashion,No,Few times a week,categories,First page,2,Maybe,Sometimes,Found a better price elsewhere,Rarely,Yes,Occasionally,Sometimes,2,Sometimes,2,2,Product recommendations,Reducing packaging waste,26-35,3,3,Clothing and Fashion
2023-06-09 16:29:23-05:30,45,Others,Few times a month,Beauty and Personal Care,No,Few times a month,Filter,First page,2,Yes,Often,Changed my mind or no longer need the item,Often,Yes,Moderately,No,2,Sometimes,3,2,Competitive prices,Product quality and accuracy,36-45,3,2,Beauty and Personal Care
2023-06-09 16:29:50-05:30,33,Prefer not to say,Once a week,Beauty and Personal Care,No,Few times a month,categories,Multiple pages,1,No,Rarely,Changed my mind or no longer need the item,Often,Yes,Moderately,No,2,Yes,2,2,Competitive prices,Product quality and accuracy,26-35,4,2,Beauty and Personal Care
2023-06-09 16:30:15-05:30,34,Female,Once a week,Beauty and Personal Care,Sometimes,Few times a week,Filter,Multiple pages,2,Yes,Often,Found a better price elsewhere,Often,Yes,Moderately,Sometimes,2,Sometimes,2,1,Competitive prices,Reducing packaging waste,26-35,4,3,Beauty and Personal Care
2023-06-09 16:30:40-05:30,45,Prefer not to say,Once a week,Beauty and Personal Care,Sometimes,Few times a month,categories,First page,3,Maybe,Sometimes,Found a better price elsewhere,Often,Yes,Heavily,Sometimes,4,Sometimes,3,3,Competitive prices,Customer service responsiveness,36-45,4,2,Beauty and Personal Care
2023-06-09 16:31:06-05:30,45,Male,Few times a month,Beauty and Personal Care,No,Few times a week,others,First page,2,No,Sometimes,Changed my mind or no longer need the item,Often,Yes,Heavily,No,3,Sometimes,3,3,Product recommendations,Product quality and accuracy,36-45,3,3,Beauty and Personal Care
2023-06-09 16:31:33-05:30,34,Female,Once a week,Clothing and Fashion,No,Few times a week,categories,First page,2,Maybe,Often,Changed my mind or no longer need the item,Sometimes,Yes,Heavily,Sometimes,2,Sometimes,2,3,Competitive prices,Customer service responsiveness,26-35,4,3,Clothing and Fashion
2023-06-09 16:32:00-05:30,67,Prefer not to say,Few times a month,Home and Kitchen,Sometimes,Few times a week,Filter,Multiple pages,3,No,Sometimes,High shipping costs,Sometimes,Yes,Rarely,Sometimes,2,Sometimes,4,2,Product recommendations,Reducing packaging waste,45+,3,3,Home and Kitchen
2023-06-09 16:32:28-05:30,34,Female,Once a week,Beauty and Personal Care,Sometimes,Few times a week,categories,Multiple pages,3,Maybe,Always,Found a better price elsewhere,Sometimes,Yes,Moderately,Sometimes,3,Sometimes,3,4,Product recommendations,Reducing packaging waste,26-35,4,3,Beauty and Personal Care
2023-06-09 16:32:56-05:30,45,Others,Less than once a month,Beauty and Personal Care,No,Few times a week,Filter,First page,4,Maybe,Always,Found a better price elsewhere,Sometimes,Yes,Occasionally,Sometimes,3,Sometimes,2,2,Product recommendations,Customer service responsiveness,36-45,1,3,Beauty and Personal Care
2023-06-09 16:33:19-05:30,23,Female,Once a month,Clothing and Fashion,Sometimes,Few times a week,Filter,Multiple pages,3,Maybe,Sometimes,Found a better price elsewhere,Sometimes,Yes,Occasionally,Sometimes,3,Sometimes,3,3,Competitive prices,Reducing packaging waste,18-25,2,3,Clothing and Fashion
2023-06-09 19:22:11-05:30,21,Prefer not to say,Less than once a month,Clothing and Fashion,Sometimes,Few times a month,categories,Multiple pages,3,Maybe,Sometimes,Changed my mind or no longer need the item,Sometimes,Yes,Occasionally,Sometimes,3,Sometimes,3,3,Product recommendations,Customer service responsiveness,18-25,1,2,Clothing and Fashion
2023-06-09 19:23:09-05:30,23,Female,Few times a month,Beauty and Personal Care,Sometimes,Few times a week,categories,Multiple pages,3,Maybe,Sometimes,High shipping costs,Sometimes,Yes,Occasionally,Sometimes,3,Sometimes,4,4,User-friendly website/app interface,Customer service responsiveness,18-25,3,3,Beauty and Personal Care
2023-06-09 19:24:06-05:30,23,Prefer not to say,Multiple times a week,Beauty and Personal Care;Clothing and Fashion,Sometimes,Few times a week,categories,Multiple pages,3,Maybe,Sometimes,Found a better price elsewhere,Sometimes,Yes,Occasionally,Sometimes,3,Yes,3,3,Competitive prices,Reducing packaging waste,18-25,5,3,Beauty and Personal Care
2023-06-09 19:24:57-05:30,42,Female,Once a week,Clothing and Fashion,Sometimes,Few times a week,categories,Multiple pages,3,Maybe,Sometimes,Changed my mind or no longer need the item,Never,Yes,Occasionally,Sometimes,3,Sometimes,3,3,Product recommendations,Customer service responsiveness,36-45,4,3,Clothing and Fashion
2023-06-09 19:26:02-05:30,23,Prefer not to say,Once a week,Clothing and Fashion,Sometimes,Few times a month,Keyword,Multiple pages,3,Maybe,Sometimes,Changed my mind or no longer need the item,Sometimes,Yes,Occasionally,Sometimes,4,Sometimes,3,3,Product recommendations,Shipping speed and reliability,18-25,4,2,Clothing and Fashion
2023-06-09 19:27:00-05:30,23,Prefer not to say,Multiple times a week,Beauty and Personal Care,Sometimes,Few times a month,categories,Multiple pages,3,Maybe,Always,Changed my mind or no longer need the item,Sometimes,Yes,Never,Sometimes,3,Sometimes,3,3,Wide product selection,Customer service responsiveness,18-25,5,2,Beauty and Personal Care
2023-06-09 19:28:09-05:30,25,Prefer not to say,Few times a month,Beauty and Personal Care,Sometimes,Few times a month,Filter,Multiple pages,3,Maybe,Sometimes,others,Rarely,Yes,Moderately,Sometimes,3,Sometimes,3,3,Product recommendations,Reducing packaging waste,18-25,3,2,Beauty and Personal Care
2023-06-10 10:49:42-05:30,40,Male,Multiple times a week,Beauty and Personal Care;Clothing and Fashion;Home and Kitchen,No,Few times a week,Keyword,Multiple pages,1,Yes,Sometimes,Found a better price elsewhere,Often,Yes,Heavily,Yes,2,Yes,2,1,Wide product selection,Product quality and accuracy,36-45,5,3,Beauty and Personal Care
2023-06-10 14:40:34-05:30,23,Female,Few times a month,Beauty and Personal Care,Yes,Few times a week,Filter,Multiple pages,3,Maybe,Sometimes,Found a better price elsewhere,Sometimes,Yes,Occasionally,Sometimes,3,Sometimes,3,3,Product recommendations,Customer service responsiveness,18-25,3,3,Beauty and Personal Care
2023-06-10 14:41:51-05:30,23,Female,Multiple times a week,Clothing and Fashion,Sometimes,Few times a month,categories,Multiple pages,3,Maybe,Sometimes,Changed my mind or no longer need the item,Sometimes,No,Heavily,Sometimes,3,Sometimes,3,3,Product recommendations,Reducing packaging waste,18-25,5,2,Clothing and Fashion
2023-06-10 23:21:59-05:30,27,Male,Less than once a month,Clothing and Fashion,Sometimes,Rarely,categories,Multiple pages,1,Yes,Sometimes,Changed my mind or no longer need the item,Sometimes,No,Heavily,Yes,3,Sometimes,2,2,Wide product selection,Product quality and accuracy,26-35,1,1,Clothing and Fashion
2023-06-11 09:31:41-05:30,39,Male,Once a month,Home and Kitchen,Sometimes,Few times a week,Keyword,Multiple pages,1,Yes,Often,Found a better price elsewhere,Often,Yes,Moderately,Yes,1,Yes,2,1,All the above,Reducing packaging waste,36-45,2,3,Home and Kitchen
2023-06-11 09:53:31-05:30,32,Female,Once a month,Clothing and Fashion;Home and Kitchen;others,No,Few times a week,others,Multiple pages,1,Yes,Sometimes,Found a better price elsewhere,Rarely,Yes,Occasionally,Yes,5,Yes,1,2,Competitive prices,Shipping speed and reliability,26-35,2,3,Clothing and Fashion
2023-06-11 14:07:39-05:30,36,Female,Less than once a month,Home and Kitchen,No,Rarely,Keyword,Multiple pages,1,Maybe,Sometimes,others,Sometimes,No,Rarely,Yes,2,Yes,1,2,Wide product selection,Product quality and accuracy,36-45,1,1,Home and Kitchen
2023-06-11 21:15:38-05:30,40,Female,Once a month,Clothing and Fashion,Yes,Rarely,categories,Multiple pages,4,Yes,Sometimes,Found a better price elsewhere,Sometimes,Yes,Rarely,Sometimes,5,Yes,5,4,Product recommendations,Customer service responsiveness,36-45,2,1,Clothing and Fashion
2023-06-11 22:42:48-05:30,23,Male,Once a month,Clothing and Fashion,Sometimes,Rarely,Filter,First page,3,No,Sometimes,Found a better price elsewhere,Sometimes,No,Moderately,Yes,3,Sometimes,3,1,Product recommendations,Customer service responsiveness,18-25,2,1,Clothing and Fashion
2023-06-11 22:43:19-05:30,45,Female,Once a week,Beauty and Personal Care,Sometimes,Few times a month,categories,First page,3,Maybe,Rarely,Changed my mind or no longer need the item,Rarely,Yes,Moderately,Sometimes,3,Sometimes,1,1,Competitive prices,Reducing packaging waste,36-45,4,2,Beauty and Personal Care
2023-06-11 22:44:01-05:30,45,Prefer not to say,Few times a month,Clothing and Fashion,Yes,Multiple times a day,Keyword,Multiple pages,2,Yes,Often,High shipping costs,Always,Yes,Heavily,Yes,1,Yes,1,1,Wide product selection,Product quality and accuracy,36-45,3,4,Clothing and Fashion
2023-06-11 22:44:46-05:30,45,Prefer not to say,Few times a month,Beauty and Personal Care,Yes,Few times a month,Filter,Multiple pages,2,Maybe,Sometimes,Found a better price elsewhere,Sometimes,Yes,Occasionally,Sometimes,2,Sometimes,2,1,Wide product selection,Product quality and accuracy,36-45,3,2,Beauty and Personal Care
2023-06-11 22:45:34-05:30,45,Prefer not to say,Few times a month,Groceries and Gourmet Food;Clothing and Fashion,Yes,Multiple times a day,Keyword,Multiple pages,1,Maybe,Often,Found a better price elsewhere,Often,Yes,Heavily,No,1,Sometimes,3,1,Product recommendations,Reducing packaging waste,36-45,3,4,Groceries and Gourmet Food
2023-06-11 22:47:42-05:30,45,Female,Few times a month,Clothing and Fashion,No,Multiple times a day,categories,First page,1,No,Sometimes,Found a better price elsewhere,Never,No,Moderately,Sometimes,4,No,4,4,User-friendly website/app interface,Shipping speed and reliability,36-45,3,4,Clothing and Fashion
2023-06-11 22:48:27-05:30,32,Male,Once a month,Clothing and Fashion;Home and Kitchen,No,Rarely,others,First page,4,Maybe,Rarely,High shipping costs,Sometimes,Yes,Occasionally,No,2,No,3,5,Competitive prices,Customer service responsiveness,26-35,2,1,Clothing and Fashion
2023-06-11 22:49:05-05:30,34,Prefer not to say,Once a month,Home and Kitchen,Sometimes,Few times a month,Filter,Multiple pages,2,Yes,Sometimes,Changed my mind or no longer need the item,Sometimes,No,Rarely,No,3,No,3,2,Competitive prices,Reducing packaging waste,26-35,2,2,Home and Kitchen
2023-06-11 22:49:49-05:30,54,Male,Few times a month,Groceries and Gourmet Food;Clothing and Fashion;Home and Kitchen,Sometimes,Few times a month,categories,First page,4,Maybe,Sometimes,Changed my mind or no longer need the item,Sometimes,No,Occasionally,No,3,No,2,3,Competitive prices,Reducing packaging waste,45+,3,2,Groceries and Gourmet Food
2023-06-11 22:50:44-05:30,25,Male,Once a week,Beauty and Personal Care;Clothing and Fashion;Home and Kitchen;others,No,Few times a month,Keyword,Multiple pages,3,Maybe,Often,Found a better price elsewhere,Sometimes,No,Heavily,Sometimes,3,No,2,2,Product recommendations,Customer service responsiveness,18-25,4,2,Beauty and Personal Care
2023-06-11 22:51:27-05:30,26,Others,Once a month,Clothing and Fashion;Home and Kitchen;others,No,Multiple times a day,Filter,First page,4,Maybe,Often,Found a better price elsewhere,Rarely,No,Occasionally,Sometimes,3,No,2,2,Product recommendations,Product quality and accuracy,26-35,2,4,Clothing and Fashion
2023-06-11 22:52:06-05:30,36,Female,Few times a month,Beauty and Personal Care;Clothing and Fashion;Home and Kitchen,No,Few times a week,categories,First page,3,No,Sometimes,Found a better price elsewhere,Often,Yes,Moderately,Sometimes,3,No,2,2,Competitive prices,Reducing packaging waste,36-45,3,3,Beauty and Personal Care
2023-06-11 22:52:47-05:30,22,Male,Once a month,Clothing and Fashion;Home and Kitchen,Sometimes,Few times a month,Keyword,First page,2,No,Often,Found a better price elsewhere,Always,No,Occasionally,Sometimes,2,No,2,2,Competitive prices,Customer service responsiveness,18-25,2,2,Clothing and Fashion
2023-06-11 22:53:44-05:30,34,Female,Few times a month,Clothing and Fashion,Sometimes,Few times a week,Filter,First page,1,Yes,Often,Found a better price elsewhere,Always,Yes,Moderately,Sometimes,2,Sometimes,2,2,Competitive prices,Product quality and accuracy,26-35,3,3,Clothing and Fashion
2023-06-11 22:54:33-05:30,35,Female,Few times a month,Beauty and Personal Care;Clothing and Fashion;Home and Kitchen,No,Few times a month,categories,Multiple pages,3,No,Sometimes,Changed my mind or no longer need the item,Often,No,Rarely,Sometimes,2,Sometimes,2,3,Wide product selection,Customer service responsiveness,26-35,3,2,Beauty and Personal Care
2023-06-11 22:55:58-05:30,34,Prefer not to say,Few times a month,Groceries and Gourmet Food;Beauty and Personal Care;Clothing and Fashion;Home and Kitchen;others,Sometimes,Few times a week,categories,Multiple pages,4,No,Sometimes,Changed my mind or no longer need the item,Sometimes,No,Heavily,Sometimes,2,Sometimes,5,4,Competitive prices,Reducing packaging waste,26-35,3,3,Groceries and Gourmet Food
2023-06-11 22:56:58-05:30,21,Others,Multiple times a week,Groceries and Gourmet Food;Beauty and Personal Care;Clothing and Fashion;Home and Kitchen,No,Few times a month,categories,First page,4,No,Rarely,Changed my mind or no longer need the item,Sometimes,No,Never,No,5,No,5,4,Product recommendations,Product quality and accuracy,18-25,5,2,Groceries and Gourmet Food
2023-06-11 22:57:34-05:30,24,Female,Few times a month,Beauty and Personal Care;Clothing and Fashion;Home and Kitchen,No,Rarely,others,First page,5,No,Never,others,Never,No,Never,No,5,No,5,5,User-friendly website/app interface,Reducing packaging waste,18-25,3,1,Beauty and Personal Care
2023-06-11 22:58:09-05:30,26,Prefer not to say,Less than once a month,Home and Kitchen;others,No,Rarely,others,First page,5,No,Never,others,Never,No,Never,No,5,No,5,5,User-friendly website/app interface,Product quality and accuracy,26-35,1,1,Home and Kitchen
2023-06-11 22:58:52-05:30,36,Male,Once a month,Beauty and Personal Care;Clothing and Fashion;Home and Kitchen,No,Rarely,others,First page,5,Maybe,Rarely,others,Never,No,Rarely,No,4,No,5,4,Wide product selection,Customer service responsiveness,36-45,2,1,Beauty and Personal Care
2023-06-11 22:59:30-05:30,36,Female,Once a month,Groceries and Gourmet Food,Sometimes,Few times a month,categories,First page,3,Maybe,Sometimes,Found a better price elsewhere,Sometimes,No,Occasionally,No,3,Sometimes,3,3,Competitive prices,Reducing packaging waste,36-45,2,2,Groceries and Gourmet Food
2023-06-11 23:00:11-05:30,28,Female,Once a week,Groceries and Gourmet Food;Beauty and Personal Care;Clothing and Fashion;Home and Kitchen;others,Sometimes,Multiple times a day,others,Multiple pages,4,No,Rarely,Changed my mind or no longer need the item,Sometimes,No,Occasionally,Sometimes,3,Sometimes,3,4,Product recommendations,Reducing packaging waste,26-35,4,4,Groceries and Gourmet Food
2023-06-11 23:01:04-05:30,40,Female,Few times a month,Groceries and Gourmet Food;Beauty and Personal Care,Yes,Few times a month,categories,Multiple pages,2,Maybe,Sometimes,Changed my mind or no longer need the item,Sometimes,Yes,Moderately,Sometimes,3,No,2,3,Wide product selection,Shipping speed and reliability,36-45,3,2,Groceries and Gourmet Food
2023-06-11 23:02:11-05:30,50,Female,Few times a month,Beauty and Personal Care;Clothing and Fashion;Home and Kitchen,No,Few times a week,Keyword,Multiple pages,3,No,Sometimes,Changed my mind or no longer need the item,Sometimes,No,Rarely,Sometimes,3,Sometimes,4,3,Product recommendations,Reducing packaging waste,45+,3,3,Beauty and Personal Care
2023-06-11 23:02:55-05:30,27,Male,Once a month,Beauty and Personal Care;Clothing and Fashion;Home and Kitchen,Sometimes,Few times a month,Filter,Multiple pages,2,Maybe,Often,Changed my mind or no longer need the item,Sometimes,Yes,Occasionally,Yes,2,No,2,3,Wide product selection,Product quality and accuracy,26-35,2,2,Beauty and Personal Care
2023-06-11 23:03:34-05:30,27,Female,Few times a month,Beauty and Personal Care;Clothing and Fashion,No,Few times a month,Filter,First page,3,Maybe,Sometimes,Changed my mind or no longer need the item,Sometimes,No,Moderately,Sometimes,3,Sometimes,3,4,Wide product selection,Shipping speed and reliability,26-35,3,2,Beauty and Personal Care
2023-06-11 23:04:17-05:30,45,Male,Few times a month,Clothing and Fashion;Home and Kitchen;others,Sometimes,Few times a month,Keyword,First page,4,Maybe,Sometimes,Changed my mind or no longer need the item,Often,Yes,Moderately,No,2,Yes,2,3,Product recommendations,Product quality and accuracy,36-45,3,2,Clothing and Fashion
2023-06-11 23:04:55-05:30,46,Female,Few times a month,Clothing and Fashion;Home and Kitchen;others,Sometimes,Few times a month,categories,Multiple pages,3,No,Sometimes,Changed my mind or no longer need the item,Sometimes,No,Occasionally,Sometimes,2,Yes,2,3,Competitive prices,Reducing packaging waste,45+,3,2,Clothing and Fashion
2023-06-11 23:05:38-05:30,60,Prefer not to say,Less than once a month,Home and Kitchen;others,Sometimes,Few times a month,categories,First page,4,Yes,Sometimes,High shipping costs,Sometimes,Yes,Occasionally,Sometimes,4,No,3,4,Product recommendations,Customer service responsiveness,45+,1,2,Home and Kitchen
2023-06-11 23:06:16-05:30,32,Female,Few times a month,Beauty and Personal Care;Clothing and Fashion;Home and Kitchen;others,Yes,Few times a week,Filter,First page,1,Yes,Always,Found a better price elsewhere,Often,No,Occasionally,No,2,No,2,4,Wide product selection,Reducing packaging waste,26-35,3,3,Beauty and Personal Care
2023-06-11 23:06:52-05:30,45,Female,Few times a month,Groceries and Gourmet Food;Beauty and Personal Care;Clothing and Fashion;Home and Kitchen,Sometimes,Few times a week,Filter,Multiple pages,2,No,Sometimes,others,Sometimes,No,Rarely,No,3,No,2,2,Competitive prices,Customer service responsiveness,36-45,3,3,Groceries and Gourmet Food
2023-06-11 23:07:31-05:30,25,Female,Multiple times a week,Beauty and Personal Care;Clothing and Fashion;Home and Kitchen,Yes,Few times a week,Keyword,Multiple pages,3,No,Often,Found a better price elsewhere,Often,No,Occasionally,Yes,2,No,2,2,Product recommendations,Customer service responsiveness,18-25,5,3,Beauty and Personal Care
2023-06-11 23:08:35-05:30,37,Female,Few times a month,Groceries and Gourmet Food;Beauty and Personal Care;Clothing and Fashion;Home and Kitchen;others,Yes,Few times a week,categories,Multiple pages,3,Maybe,Sometimes,Changed my mind or no longer need the item,Sometimes,No,Occasionally,No,3,No,2,3,Product recommendations,Shipping speed and reliability,36-45,3,3,Groceries and Gourmet Food
2023-06-11 23:09:33-05:30,37,Female,Few times a month,Beauty and Personal Care;Clothing and Fashion,No,Rarely,Keyword,First page,3,Maybe,Rarely,Changed my mind or no longer need the item,Sometimes,No,Moderately,Sometimes,1,No,2,3,Product recommendations,Customer service responsiveness,36-45,3,1,Beauty and Personal Care
2023-06-11 23:10:14-05:30,32,Male,Few times a month,Beauty and Personal Care;Clothing and Fashion;Home and Kitchen,Sometimes,Few times a week,Filter,Multiple pages,2,Maybe,Sometimes,Changed my mind or no longer need the item,Sometimes,Yes,Moderately,Yes,2,No,2,3,Product recommendations,Customer service responsiveness,26-35,3,3,Beauty and Personal Care
2023-06-11 23:10:59-05:30,56,Male,Few times a month,Beauty and Personal Care;Clothing and Fashion;Home and Kitchen,No,Few times a week,Keyword,Multiple pages,3,No,Sometimes,Changed my mind or no longer need the item,Sometimes,No,Moderately,No,2,No,2,2,Product recommendations,Reducing packaging waste,45+,3,3,Beauty and Personal Care
2023-06-11 23:15:03-05:30,34,Female,Few times a month,Beauty and Personal Care;Clothing and Fashion;Home and Kitchen,Sometimes,Few times a week,categories,First page,3,Maybe,Sometimes,Changed my mind or no longer need the item,Sometimes,No,Never,Sometimes,3,No,3,2,Product recommendations,Customer service responsiveness,26-35,3,3,Beauty and Personal Care
2023-06-11 23:15:37-05:30,21,Male,Once a month,Groceries and Gourmet Food;Beauty and Personal Care;Clothing and Fashion;Home and Kitchen,No,Few times a week,categories,First page,3,Maybe,Often,Changed my mind or no longer need the item,Rarely,No,Moderately,Sometimes,2,Yes,1,1,Wide product selection,Product quality and accuracy,18-25,2,3,Groceries and Gourmet Food
2023-06-11 23:16:18-05:30,46,Male,Few times a month,Groceries and Gourmet Food;Beauty and Personal Care;Clothing and Fashion,Yes,Few times a week,Keyword,First page,1,Maybe,Often,Changed my mind or no longer need the item,Often,No,Occasionally,Yes,2,Yes,2,2,Competitive prices,Product quality and accuracy,45+,3,3,Groceries and Gourmet Food
2023-06-11 23:16:58-05:30,21,Male,Multiple times a week,Beauty and Personal Care;Clothing and Fashion;Home and Kitchen,Sometimes,Rarely,Keyword,Multiple pages,5,Maybe,Sometimes,Found a better price elsewhere,Often,Yes,Moderately,Yes,1,Yes,2,1,Competitive prices,Reducing packaging waste,18-25,5,1,Beauty and Personal Care
2023-06-11 23:17:41-05:30,31,Female,Few times a month,Groceries and Gourmet Food;Beauty and Personal Care;Clothing and Fashion,Sometimes,Few times a week,categories,Multiple pages,2,Yes,Sometimes,Changed my mind or no longer need the item,Often,Yes,Moderately,No,5,Sometimes,3,2,Competitive prices,Customer service responsiveness,26-35,3,3,Groceries and Gourmet Food
2023-06-11 23:18:35-05:30,36,Female,Multiple times a week,Groceries and Gourmet Food;Beauty and Personal Care;Clothing and Fashion;Home and Kitchen;others,Sometimes,Multiple times a day,categories,Multiple pages,3,Maybe,Sometimes,Changed my mind or no longer need the item,Often,No,Occasionally,Sometimes,2,No,2,2,User-friendly website/app interface,Customer service responsiveness,36-45,5,4,Groceries and Gourmet Food
2023-06-11 23:19:12-05:30,35,Female,Few times a month,Beauty and Personal Care;Home and Kitchen,Sometimes,Few times a month,categories,First page,2,No,Often,High shipping costs,Sometimes,Yes,Rarely,Sometimes,3,Yes,2,1,Product recommendations,Product quality and accuracy,26-35,3,2,Beauty and Personal Care
2023-06-11 23:19:45-05:30,25,Male,Few times a month,Beauty and Personal Care;Clothing and Fashion;Home and Kitchen,Sometimes,Few times a month,categories,Multiple pages,1,Yes,Sometimes,Found a better price elsewhere,Sometimes,Yes,Occasionally,Yes,2,Sometimes,4,3,Product recommendations,Customer service responsiveness,18-25,3,2,Beauty and Personal Care
2023-06-11 23:20:18-05:30,45,Female,Few times a month,Clothing and Fashion,Sometimes,Rarely,categories,Multiple pages,3,No,Rarely,Changed my mind or no longer need the item,Sometimes,No,Occasionally,Sometimes,3,No,2,1,User-friendly website/app interface,Customer service responsiveness,36-45,3,1,Clothing and Fashion
2023-06-11 23:20:57-05:30,36,Female,Few times a month,Beauty and Personal Care;Clothing and Fashion,No,Few times a week,Filter,Multiple pages,2,Maybe,Often,Changed my mind or no longer need the item,Sometimes,No,Occasionally,No,1,Yes,2,1,Competitive prices,Reducing packaging waste,36-45,3,3,Beauty and Personal Care
2023-06-11 23:21:30-05:30,36,Female,Once a week,Groceries and Gourmet Food;Beauty and Personal Care;Clothing and Fashion,No,Few times a month,categories,Multiple pages,1,No,Often,High shipping costs,Often,Yes,Moderately,Sometimes,1,Sometimes,1,2,Wide product selection,Product quality and accuracy,36-45,4,2,Groceries and Gourmet Food
2023-06-11 23:22:19-05:30,43,Male,Once a month,Beauty and Personal Care,Sometimes,Multiple times a day,Filter,Multiple pages,2,No,Always,Found a better price elsewhere,Often,No,Rarely,Sometimes,1,Yes,2,1,Competitive prices,Product quality and accuracy,36-45,2,4,Beauty and Personal Care
2023-06-11 23:22:55-05:30,34,Female,Multiple times a week,Groceries and Gourmet Food;Beauty and Personal Care;Clothing and Fashion,No,Few times a week,categories,Multiple pages,4,Maybe,Always,High shipping costs,Often,Yes,Occasionally,Yes,1,Yes,1,1,Competitive prices,Customer service responsiveness,26-35,5,3,Groceries and Gourmet Food
2023-06-11 23:24:21-05:30,43,Male,Few times a month,Groceries and Gourmet Food;Beauty and Personal Care;Clothing and Fashion;Home and Kitchen,No,Few times a week,Filter,Multiple pages,2,No,Often,Changed my mind or no longer need the item,Often,Yes,Moderately,No,2,No,2,2,Competitive prices,Reducing packaging waste,36-45,3,3,Groceries and Gourmet Food
2023-06-11 23:25:09-05:30,25,Female,Few times a month,Clothing and Fashion;others,No,Few times a week,Keyword,Multiple pages,4,Yes,Sometimes,Found a better price elsewhere,Often,No,Moderately,No,2,No,2,2,Product recommendations,Customer service responsiveness,18-25,3,3,Clothing and Fashion
2023-06-11 23:25:48-05:30,43,Female,Multiple times a week,Beauty and Personal Care;Clothing and Fashion;Home and Kitchen,Sometimes,Few times a week,Filter,Multiple pages,3,No,Sometimes,Found a better price elsewhere,Sometimes,No,Moderately,Sometimes,3,Sometimes,2,2,Competitive prices,Customer service responsiveness,36-45,5,3,Beauty and Personal Care
2023-06-11 23:26:21-05:30,56,Female,Multiple times a week,Groceries and Gourmet Food;Beauty and Personal Care;Clothing and Fashion,Sometimes,Few times a week,Filter,First page,2,No,Rarely,Changed my mind or no longer need the item,Often,Yes,Occasionally,Sometimes,3,Sometimes,3,2,Product recommendations,Product quality and accuracy,45+,5,3,Groceries and Gourmet Food
2023-06-11 23:26:54-05:30,32,Female,Few times a month,Groceries and Gourmet Food;Beauty and Personal Care,No,Few times a month,categories,First page,3,Maybe,Sometimes,Changed my mind or no longer need the item,Sometimes,No,Occasionally,Sometimes,3,No,3,3,Product recommendations,Customer service responsiveness,26-35,3,2,Groceries and Gourmet Food
2023-06-11 23:27:25-05:30,21,Male,Once a week,Clothing and Fashion,Sometimes,Few times a week,categories,Multiple pages,1,Maybe,Sometimes,Found a better price elsewhere,Sometimes,No,Occasionally,Sometimes,4,Sometimes,3,2,Competitive prices,Customer service responsiveness,18-25,4,3,Clothing and Fashion
2023-06-11 23:27:55-05:30,34,Male,Less than once a month,Clothing and Fashion,No,Few times a week,categories,First page,2,No,Often,Found a better price elsewhere,Sometimes,Yes,Occasionally,No,2,No,3,3,User-friendly website/app interface,Customer service responsiveness,26-35,1,3,Clothing and Fashion
2023-06-11 23:28:26-05:30,34,Female,Once a week,Groceries and Gourmet Food;Clothing and Fashion,No,Multiple times a day,Keyword,Multiple pages,5,No,Always,Changed my mind or no longer need the item,Sometimes,No,Never,Yes,2,No,3,2,User-friendly website/app interface,Product quality and accuracy,26-35,4,4,Groceries and Gourmet Food
2023-06-12 09:40:22-05:30,34,Female,Once a week,Clothing and Fashion,No,Few times a week,Keyword,Multiple pages,2,No,Often,Changed my mind or no longer need the item,Sometimes,No,Occasionally,No,4,Sometimes,4,4,User-friendly website/app interface,Shipping speed and reliability,26-35,4,3,Clothing and Fashion
2023-06-12 14:41:06-05:30,45,Prefer not to say,Once a month,Clothing and Fashion,Sometimes,Few times a week,Keyword,First page,2,Maybe,Sometimes,others,Sometimes,Yes,Heavily,Sometimes,3,Sometimes,3,3,Product recommendations,Reducing packaging waste,36-45,2,3,Clothing and Fashion
2023-06-12 14:41:58-05:30,45,Female,Once a week,Beauty and Personal Care,Yes,Few times a week,categories,Multiple pages,3,Maybe,Sometimes,Found a better price elsewhere,Sometimes,Yes,Occasionally,Sometimes,3,Sometimes,2,4,Product recommendations,Product quality and accuracy,36-45,4,3,Beauty and Personal Care
2023-06-12 14:43:30-05:30,45,Prefer not to say,Less than once a month,Home and Kitchen,Sometimes,Few times a month,categories,Multiple pages,3,Maybe,Never,Found a better price elsewhere,Rarely,No,Moderately,Sometimes,4,Yes,4,4,Competitive prices,Shipping speed and reliability,36-45,1,2,Home and Kitchen
2023-06-12 14:44:47-05:30,45,Female,Few times a month,Groceries and Gourmet Food,Sometimes,Multiple times a day,categories,Multiple pages,3,Maybe,Often,Changed my mind or no longer need the item,Rarely,Yes,Moderately,Sometimes,3,Sometimes,3,3,Product recommendations,Product quality and accuracy,36-45,3,4,Groceries and Gourmet Food
2023-06-12 14:48:55-05:30,45,Female,Few times a month,Beauty and Personal Care,Yes,Few times a month,others,Multiple pages,3,Maybe,Rarely,Found a better price elsewhere,Often,Yes,Occasionally,Yes,3,Sometimes,3,3,Product recommendations,Reducing packaging waste,36-45,3,2,Beauty and Personal Care
2023-06-12 14:49:47-05:30,45,Prefer not to say,Once a week,Clothing and Fashion,Sometimes,Multiple times a day,categories,Multiple pages,3,Maybe,Sometimes,Changed my mind or no longer need the item,Sometimes,Yes,Occasionally,Sometimes,4,Sometimes,3,4,Product recommendations,Product quality and accuracy,36-45,4,4,Clothing and Fashion
2023-06-12 14:51:24-05:30,25,Female,Once a month,Beauty and Personal Care,Sometimes,Few times a month,Keyword,Multiple pages,3,Maybe,Sometimes,Found a better price elsewhere,Rarely,Yes,Moderately,Sometimes,3,Sometimes,3,3,Product recommendations,Customer service responsiveness,18-25,2,2,Beauty and Personal Care
2023-06-12 14:54:13-05:30,45,Prefer not to say,Few times a month,Beauty and Personal Care,Sometimes,Few times a month,categories,First page,3,Maybe,Sometimes,Changed my mind or no longer need the item,Always,Yes,Occasionally,Sometimes,3,Sometimes,3,3,User-friendly website/app interface,Product quality and accuracy,36-45,3,2,Beauty and Personal Care
2023-06-12 15:27:59-05:30,60,Male,Once a week,Beauty and Personal Care,Sometimes,Few times a month,Filter,Multiple pages,3,Maybe,Rarely,Changed my mind or no longer need the item,Sometimes,Yes,Heavily,Sometimes,3,Sometimes,3,3,Product recommendations,Customer service responsiveness,45+,4,2,Beauty and Personal Care
2023-06-12 15:29:20-05:30,26,Male,Few times a month,Groceries and Gourmet Food,Sometimes,Few times a week,categories,Multiple pages,4,Maybe,Sometimes,Changed my mind or no longer need the item,Sometimes,Yes,Occasionally,Sometimes,3,Sometimes,3,3,Wide product selection,Customer service responsiveness,26-35,3,3,Groceries and Gourmet Food
2023-06-12 15:33:53-05:30,25,Prefer not to say,Few times a month,Beauty and Personal Care,Sometimes,Few times a week,Filter,Multiple pages,4,Yes,Sometimes,Found a better price elsewhere,Sometimes,Yes,Moderately,Sometimes,3,Sometimes,3,3,Competitive prices,Customer service responsiveness,18-25,3,3,Beauty and Personal Care
2023-06-12 15:35:24-05:30,45,Female,Multiple times a week,Beauty and Personal Care,Sometimes,Few times a week,categories,Multiple pages,2,Maybe,Sometimes,High shipping costs,Sometimes,Yes,Moderately,Yes,4,Sometimes,3,4,Competitive prices,Customer service responsiveness,36-45,5,3,Beauty and Personal Care
2023-06-12 15:37:14-05:30,12,Female,Multiple times a week,Beauty and Personal Care,Yes,Few times a week,categories,Multiple pages,3,Maybe,Sometimes,Found a better price elsewhere,Always,Yes,Moderately,Yes,3,Sometimes,4,4,Wide product selection,Customer service responsiveness,<18,5,3,Beauty and Personal Care
2023-06-12 15:38:48-05:30,56,Prefer not to say,Few times a month,Beauty and Personal Care,Sometimes,Multiple times a day,categories,Multiple pages,4,No,Sometimes,Found a better price elsewhere,Often,Yes,Occasionally,Yes,3,Sometimes,3,4,Product recommendations,Customer service responsiveness,45+,3,4,Beauty and Personal Care
2023-06-12 15:40:25-05:30,45,Female,Multiple times a week,Beauty and Personal Care,Yes,Few times a week,Filter,Multiple pages,3,Maybe,Often,Found a better price elsewhere,Sometimes,Yes,Moderately,Sometimes,3,Yes,3,2,Competitive prices,Customer service responsiveness,36-45,5,3,Beauty and Personal Care
2023-06-12 15:42:05-05:30,41,Female,Once a week,Beauty and Personal Care,Sometimes,Few times a week,categories,Multiple pages,3,Maybe,Sometimes,Found a better price elsewhere,Often,Yes,Moderately,Sometimes,4,Sometimes,3,3,Product recommendations,Product quality and accuracy,36-45,4,3,Beauty and Personal Care
2023-06-12 15:44:16-05:30,23,Female,Once a week,Beauty and Personal Care,Sometimes,Few times a week,Keyword,Multiple pages,3,Maybe,Often,Found a better price elsewhere,Sometimes,Yes,Moderately,Sometimes,3,Sometimes,3,3,Competitive prices,Customer service responsiveness,18-25,4,3,Beauty and Personal Care
2023-06-12 15:45:27-05:30,23,Female,Multiple times a week,Beauty and Personal Care,Yes,Few times a week,Keyword,Multiple pages,3,Maybe,Sometimes,Found a better price elsewhere,Sometimes,Yes,Occasionally,Sometimes,4,Sometimes,3,3,Competitive prices,Customer service responsiveness,18-25,5,3,Beauty and Personal Care
2023-06-12 15:47:01-05:30,45,Female,Multiple times a week,Beauty and Personal Care,Sometimes,Few times a week,categories,Multiple pages,3,Maybe,Sometimes,High shipping costs,Sometimes,Yes,Moderately,Sometimes,3,Sometimes,3,3,Product recommendations,Reducing packaging waste,36-45,5,3,Beauty and Personal Care
2023-06-12 15:48:11-05:30,25,Female,Few times a month,Beauty and Personal Care,Sometimes,Few times a week,categories,Multiple pages,3,Maybe,Sometimes,High shipping costs,Sometimes,Yes,Occasionally,Sometimes,4,Sometimes,4,4,Product recommendations,Reducing packaging waste,18-25,3,3,Beauty and Personal Care
2023-06-12 15:49:27-05:30,25,Male,Multiple times a week,Beauty and Personal Care,Sometimes,Few times a week,categories,Multiple pages,2,Yes,Sometimes,Found a better price elsewhere,Always,Yes,Moderately,Sometimes,3,Sometimes,3,2,Product recommendations,Product quality and accuracy,18-25,5,3,Beauty and Personal Care
2023-06-12 15:51:31-05:30,23,Female,Few times a month,Clothing and Fashion,Sometimes,Few times a week,Keyword,Multiple pages,4,Maybe,Sometimes,High shipping costs,Sometimes,Yes,Occasionally,Sometimes,3,Sometimes,3,3,Product recommendations,Customer service responsiveness,18-25,3,3,Clothing and Fashion
2023-06-12 15:52:33-05:30,23,Female,Few times a month,Clothing and Fashion,Sometimes,Few times a week,categories,Multiple pages,3,Maybe,Sometimes,Changed my mind or no longer need the item,Sometimes,Yes,Occasionally,Sometimes,3,Sometimes,3,3,User-friendly website/app interface,Customer service responsiveness,18-25,3,3,Clothing and Fashion
2023-06-12 15:53:28-05:30,23,Female,Once a month,Clothing and Fashion,Sometimes,Few times a month,Filter,Multiple pages,3,Maybe,Rarely,Changed my mind or no longer need the item,Sometimes,No,Occasionally,Sometimes,3,Sometimes,3,3,Competitive prices,Customer service responsiveness,18-25,2,2,Clothing and Fashion
2023-06-12 15:54:44-05:30,23,Female,Once a week,Beauty and Personal Care,Sometimes,Few times a week,Filter,Multiple pages,3,Maybe,Sometimes,Found a better price elsewhere,Sometimes,Yes,Moderately,Sometimes,3,Sometimes,3,3,Product recommendations,Customer service responsiveness,18-25,4,3,Beauty and Personal Care
2023-06-12 15:55:53-05:30,23,Prefer not to say,Multiple times a week,Beauty and Personal Care;Home and Kitchen,Sometimes,Few times a month,Keyword,Multiple pages,3,Maybe,Sometimes,Changed my mind or no longer need the item,Always,Yes,Moderately,Sometimes,3,Sometimes,3,3,Competitive prices,Customer service responsiveness,18-25,5,2,Beauty and Personal Care
2023-06-12 15:56:57-05:30,23,Female,Multiple times a week,Beauty and Personal Care,Sometimes,Few times a month,categories,Multiple pages,2,Maybe,Often,Found a better price elsewhere,Often,Yes,Moderately,Sometimes,3,Sometimes,3,5,Competitive prices,Customer service responsiveness,18-25,5,2,Beauty and Personal Care
2023-06-12 15:57:52-05:30,23,Female,Once a week,Groceries and Gourmet Food,Sometimes,Few times a week,categories,Multiple pages,3,Maybe,Rarely,High shipping costs,Always,Yes,Moderately,Sometimes,4,Sometimes,3,4,Product recommendations,Customer service responsiveness,18-25,4,3,Groceries and Gourmet Food
2023-06-12 15:59:10-05:30,23,Female,Once a month,Beauty and Personal Care,Sometimes,Few times a week,categories,Multiple pages,3,Maybe,Sometimes,Found a better price elsewhere,Rarely,Yes,Moderately,Sometimes,4,Sometimes,3,4,Product recommendations,Product quality and accuracy,18-25,2,3,Beauty and Personal Care
2023-06-12 15:59:59-05:30,23,Female,Few times a month,Beauty and Personal Care,Yes,Few times a week,Keyword,First page,3,Maybe,Sometimes,Found a better price elsewhere,Sometimes,Yes,Occasionally,Yes,3,Sometimes,3,4,Competitive prices,Customer service responsiveness,18-25,3,3,Beauty and Personal Care
2023-06-12 16:00:56-05:30,25,Female,Once a week,Beauty and Personal Care,Sometimes,Multiple times a day,categories,Multiple pages,4,Maybe,Sometimes,Found a better price elsewhere,Sometimes,Yes,Heavily,Sometimes,3,Sometimes,3,3,Product recommendations,Customer service responsiveness,18-25,4,4,Beauty and Personal Care
2023-06-12 16:02:02-05:30,23,Female,Once a week,Beauty and Personal Care,Sometimes,Few times a week,categories,Multiple pages,4,Maybe,Sometimes,Found a better price elsewhere,Sometimes,Yes,Moderately,Sometimes,3,Sometimes,3,4,Competitive prices,Customer service responsiveness,18-25,4,3,Beauty and Personal Care
2023-06-12 16:02:53-05:30,23,Female,Once a week,Clothing and Fashion,Sometimes,Few times a week,Filter,Multiple pages,3,Maybe,Sometimes,Found a better price elsewhere,Sometimes,Yes,Heavily,Sometimes,3,Sometimes,3,3,Product recommendations,Reducing packaging waste,18-25,4,3,Clothing and Fashion
2023-06-12 16:03:59-05:30,23,Female,Once a month,Beauty and Personal Care,Sometimes,Few times a week,categories,Multiple pages,3,Maybe,Sometimes,High shipping costs,Sometimes,Yes,Occasionally,Sometimes,3,Sometimes,2,3,Wide product selection,Product quality and accuracy,18-25,2,3,Beauty and Personal Care
2023-06-12 21:57:20-05:30,23,Female,Few times a month,Beauty and Personal Care;Clothing and Fashion;others,Yes,Few times a month,Keyword,Multiple pages,1,Yes,Often,others,Sometimes,No,Heavily,Yes,2,Yes,2,2,Wide product selection,Product quality and accuracy,18-25,3,2,Beauty and Personal Care
2023-06-16 09:16:05-05:30,23,Female,Once a week,Clothing and Fashion,Sometimes,Multiple times a day,Keyword,Multiple pages,3,Maybe,Often,Found a better price elsewhere,Sometimes,Yes,Moderately,Sometimes,3,Sometimes,3,3,Product recommendations,Product quality and accuracy,18-25,4,4,Clothing and Fashion
